SMILES,compound_name,TARGET
[Al](Cl)(Cl)Cl,aluminum chloride,1314.6
[B-](C#N)(C#N)(C#N)C#N.CCCC[N+]1(CCCC1)C,1-butyl-1-methylpyrrolidinium tetracyanoborate,975.61
[B-](C#N)(C#N)(C#N)C#N.CCCCCCN1C=C[N+](=C1)C,1-hexyl-3-methylimidazolium tetracyanoborate,983.03
[B-](F)(F)(F)F.C[N+]1=CN(C=C1)CCO,1-(2-hydroxyethyl)-3-methylimidazolium tetrafluoroborate,1330.0
[B-](F)(F)(F)F.CCCC[N+]1=CC=C(C=C1)C,1-butyl-4-methylpyridinium tetrafluoroborate,1183.1
[B-](F)(F)(F)F.CCCC[N+]1=CC=CC(=C1)C,1-butyl-3-methylpyridinium tetrafluoroborate,1182.6
[B-](F)(F)(F)F.CCCC[N+]1=CC=CC=C1,1-butylpyridinium tetrafluoroborate,1214.0
[B-](F)(F)(F)F.CCCC[N+]1=CC=CC=C1C,1-butyl-2-methylpyridinium tetrafluoroborate,1202.5
[B-](F)(F)(F)F.CCCCCC[N+](C)(C)CCO,hexyl(2-hydroxyethyl)dimethylammonium tetrafluoroborate,1123.6
[B-](F)(F)(F)F.CCCCCC[N+]1=CC=CC=C1,1-hexylpyridinium tetrafluoroborate,1154.8
[B-](F)(F)(F)F.CCCCCCCC[N+]1=CC=CC(=C1)C,N-octyl-3-methylpyridinium tetrafluoroborate,1096.08
[B-](F)(F)(F)F.CCCCCCCCCCN1C=C[N+](=C1)C,1-decyl-3-methylimidazolium tetrafluoroborate,1076.0
[B-](F)(F)(F)F.CCCCCCCCN1C=C[N+](=C1)C,1-methyl-3-octylimidazolium tetrafluoroborate,1105.3
[B-](F)(F)(F)F.CCCCCCN1C=C[N+](=C1)C,1-hexyl-3-methylimidazolium tetrafluoroborate,1144.46
[B-](F)(F)(F)F.CCCCN1C=C[N+](=C1)C,1-butyl-3-methylimidazolium tetrafluoroborate,1366.657
[B-](F)(F)(F)F.CCCCN1C=C[N+](=C1C)C,"1-butyl-2,3-dimethylimidazolium tetrafluoroborate",1191.2
[B-](F)(F)(F)F.CCCN1C=C[N+](=C1)C,1-propyl-3-methylimidazolium tetrafluoroborate,1237.0
[B-](F)(F)(F)F.CCN1C=C[N+](=C1)C,1-ethyl-3-methylimidazolium tetrafluoroborate,1279.91
[Cl-].[Cl-].[Ca+2],calcium chloride,1456.1
[Cl-].[Cl-].[Sr+2],strontium chloride,1321.1
[Cl-].[K+],potassium chloride,1566.5
[Hg],mercury,13530.0
[Li+].[I-],lithium iodide,1005.8
[Li+].[Li+].[O-]S(=O)(=O)[O-],lithium sulfate,1333.8
[Li+].[Li+].B1(OB2OB(OB(O1)O2)[O-])[O-],lithium borate,1023.42
[Li+].B(=O)[O-],lithium metaborate,1035.63
[Li+].C(F)(F)(F)S(=O)(=O)[N-]S(=O)(=O)C(F)(F)F,lithium bis((trifluoromethyl)sulfonyl)amide,1420.0
[Li+].F[P-](F)(F)(F)(F)F,lithium hexafluorophosphate,1400.0
[Mg+2].[Cl-].[Cl-],magnesium chloride,1321.1
[N+](=O)(O)[O-],nitric acid,1411.5
[Na+].[Cl-],sodium chloride,1298.5
[O-]P=O.[Na+],sodium phosphinate,1394.0
[O-]S(=O)(=O)[O-].[Cs+].[Cs+],cesium sulfate,2009.2
[O-]S(=O)(=O)[O-].[K+].[K+],potassium sulfate,1092.4
[O-]S(=O)(=O)[O-].[Mg+2],magnesium sulfate,1293.0
[O-]S(=O)(=O)[O-].[Na+].[Na+],sodium sulfate,1183.0
B([O-])([O-])[O-].B([O-])([O-])[O-].B([O-])([O-])[O-].B([O-])([O-])[O-].[Mg+2],magnesium tetraborate,1002.77
B(=O)[O-].[K+],potassium metaborate,1539.08
B(=O)[O-].[Na+],sodium metaborate,1267.8
B1(OB2OB(OB(O1)O2)[O-])[O-].[Na+].[Na+],sodium tetraborate,1025.65
C(=C(Cl)Cl)(Cl)Cl,tetrachloroethene,1625.0
C(=C(Cl)Cl)Cl,trichloroethene,1464.0
C(=CC(F)(F)F)C(F)(F)F,"(Z)-1,1,1,4,4,4-hexafluorobut-2-ene",1377.12
C(=O)([O-])[O-].[K+].[K+],potassium carbonate,1566.5
C(=O)([O-])[O-].[Na+].[Na+],sodium carbonate,1298.5
C(=O)(C(F)(F)F)O,trifluoroethanoic acid,1489.1
C(=O)(N)N,urea,1038.595
C(=O)=O,carbon dioxide,1234.1
C(=O)N,formamide,1129.11
C(=O)O,formic acid,1219.5
C(=S)(N)N,thiourea,1405.1
C(Br)Br,dibromomethane,2478.61
C(C(=O)[O-])N.[Na+],sodium glycinate,1335.38
C(C(=O)NCC(=O)NCC(=O)NCC(=O)O)N,glycylglycylglycylglycine,8.59
C(C(=O)NCC(=O)NCC(=O)O)N,glycylglycylglycine,1022.05
C(C(=O)NCC(=O)O)N,glycylglycine,1077.31
C(C(=O)O)C(CC(=O)O)(C(=O)O)O,citric acid,997.466
C(C(=O)O)N,2-aminoacetic acid,1082.99
C(C(=O)O)NCC(=O)O,N-(carboxymethyl)glycine,1077.31
C(C(C(=O)O)N)O,L-serine,999.1
C(C(C(=O)O)N)S,(R)-2-amino-3-mercaptopropanoic acid,1074.1
C(C(C(=O)O)O)C(=O)O,hydroxybutanedioic acid,1000.8
C(C(C(C(C(F)(F)F)(F)F)(F)F)(F)F)(C(C(C(C(F)(F)F)(F)F)(F)F)(F)F)(F)F,eicosafluorononane,1798.0
C(C(C(C(C(F)(F)F)(F)F)(F)F)(F)F)(C(C(C(F)(F)F)(F)F)(F)F)(F)F,octadecafluorooctane,1754.28
C(C(C(C(F)(F)F)(F)F)(F)F)(C(C(C(F)(F)F)(F)F)(F)F)(F)F,hexadecafluoroheptane,1717.0
C(C(C(C(F)(F)F)(F)F)(F)F)(C(C(F)(F)F)(F)F)(F)F,perfluorohexane,1670.07
C(C(C(C(F)(F)F)(F)F)(F)F)O,"2,2,3,3,4,4,4-heptafluorobutanol",1580.0
C(C(C(C(F)F)(F)F)(F)F)(F)F,"1,1,2,2,3,3,4,4-octafluorobutane",1562.9
C(C(C(F)(F)F)F)(C(C(F)(F)F)(F)F)F,"1,1,1,2,2,3,4,5,5,5-decafluoropentane",1586.3
C(C(Cl)Cl)(Cl)Cl,"1,1,2,2-tetrachloroethane",1586.22
C(C(CO)(CO)N)O,"2-amino-2-(hydroxymethyl)-1,3-propanediol",1110.99
C(C(CO)O)O,glycerol,1258.5
C(C(F)(F)F)(C(F)(F)F)O,"1,1,1,3,3,3-hexafluoro-2-propanol",1604.84
C(C(F)(F)F)O,"2,2,2-trifluoroethanol",1382.4
C(C1C(C(C(C(O1)O)O)O)O)O,D-glucose,1002.09
C(CBr)Br,"1,2-dibromoethane",2179.591
C(CBr)CBr,"1,3-dibromopropane",1970.25
C(CBr)Cl,1-bromo-2-chloroethane,1727.01
C(CC(=O)N)C(C(=O)O)N,L-glutamine,998.8
C(CC(=O)O)CC(=O)O,"1,5-pentanedioic acid",1153.2
C(CCBr)CBr,"1,4-dibromobutane",1819.44
C(CCBr)CCBr,"1,5-dibromopentane",1694.09
C(CCC#N)CC#N,hexanedinitrile,975.26
C(CCCBr)CCBr,"1,6-dibromohexane",1601.8
C(CCCCl)CCCl,"1,6-dichlorohexane",1063.72
C(CCCl)CCCl,"1,5-dichloropentane",1095.27
C(CCCl)CCl,"1,4-dichlorobutane",1133.32
C(CCCO)CCO,"1,6-hexanediol",947.0
C(CCl)CCl,"1,3-dichloropropane",1178.34
C(CCl)Cl,"1,2-dichloroethane",1250.9
C(CCN)CC(C(=O)O)N,L-lysine,1242.1
C(CCO)CO,"1,4-butanediol",1012.747
C(CCS(=O)(=O)O)CNC(CO)(CO)CO,N-tris(Hydroxymethyl)methyl-4-aminobutanesulfonic acid,1258.25
C(Cl)(Cl)(Cl)Br,bromotrichloromethane,2002.14
C(Cl)(Cl)(Cl)Cl,tetrachloromethane,1583.8
C(Cl)(Cl)Cl,trichloromethane,1475.9
C(Cl)Br,bromochloromethane,1921.71
C(Cl)Cl,dichloromethane,1489.0
C(CN)CN,"1,3-propanediamine",879.81
C(CN)CO,3-amino-1-propanol,983.586
C(CN)N,"ethane-1,2-diamine",895.323
C(CNCCN)N,di(2-aminoethyl)amine,945.548
C(CO)CO,"propan-1,3-diol",1049.68
C(CO)N,2-aminoethan-1-ol,1011.98
C(CO)N.C(=O)O,2-hydroxyethylammonium formate,1215.0
C(CO)N(CCO)CCO,triethanolamine,1121.0
C(CO)NCCO,diethanolamine,1093.221
C(CO)O,"1,2-ethanediol",1109.9
C(COCCO)O,diethylene glycol,1112.56
C(COCCOCCO)O,triethylene glycol,1120.7
C(COCCOCCOCCO)O,tetraethylene glycol,1120.09
C(COCCOCCOCCOCCO)O,"3,6,9,12-tetraoxatetradecane-1,14-diol",1125.5
C(COCCOCCOCCOCCOCCO)O,"3,6,9,12,15-pentaoxaheptadecane-1,17-diol",1125.6
C[N+](=O)[O-],nitromethane,1130.87
C[N+](C)(C)CC(=O)[O-],(trimethylammonio)acetate,1016.141
C[N+](C)(C)CC(CC(=O)[O-])O,(R)-3-hydroxy-4-(trimethylammonio)butanoate,1023.602
C[N+](C)(C)CCO.[Cl-],choline chloride,1192.1
C[N+]1=CN(C=C1)CC=C.[Cl-],1-allyl-3-methylimidazolium chloride,1166.0
C[N+]1=CN(C=C1)CC=C.C(=[N-])=NC#N,1-allyl-3-methylimidazolium dicyanamide,1111.46
C[N+]1=CN(C=C1)CC2=CC=CC=C2.C(=[N-])=NC#N,1-benzyl-3-methylimidazolium dicyanamide,1158.14
C[Si]1O[Si](O[Si](O[Si](O1)C)C)C,"2,4,6,8-tetramethyl-1,3,5,7,2,4,6,8-tetroxatetrasilocane",992.39
C=CC(=O)O,propenoic acid,1059.17
C=CC#N,acrylonitrile,800.3
C=CC1=CC=CC=C1,styrene,901.51
C=CCO,2-propenol,855.0
C1=CC(=C(C(=C1)Cl)Cl)C2=C(N=C(N=N2)N)N,lamotrigine,1000.0
C1=CC(=C(C=C1Cl)Cl)Cl,"1,2,4-trichlorobenzene",1442.12
C1=CC(=CC(=C1)Br)Br,"1,3-dibromobenzene",1952.0
C1=CC(=CC(=C1)Cl)Cl,"1,3-dichlorobenzene",1282.87
C1=CC(=CC(=C1)NC2=C(C=CC=N2)C(=O)O)C(F)(F)F,2-[[3-(trifluoromethyl)phenyl]amino]-3-pyridinecarboxylic acid,654.0
C1=CC(=CC(=C1)S(=O)(=O)[O-])[N+](=O)[O-].[Na+],sodium 3-nitrobenzenesulfonate,1143.5
C1=CC(=CC=C1[N+](=O)[O-])S(=O)(=O)[O-].[Na+],sodium 4-nitrobenzenesulfonate,1143.5
C1=CC=C(C(=C1)C=O)O,2-hydroxybenzaldehyde,1162.5
C1=CC=C(C(=C1)CC(=O)O)NC2=C(C=CC=C2Cl)Cl,"(2-((2,6-dichlorophenyl)amino)phenyl)acetic acid",646.0
C1=CC=C(C(=C1)Cl)Cl,"1,2-dichlorobenzene",1299.2
C1=CC=C(C=C1)[N+](=O)[O-],nitrobenzene,1198.0
C1=CC=C(C=C1)Br,bromobenzene,1488.1
C1=CC=C(C=C1)C(F)(F)F,(trifluoromethyl)benzene,1182.18
C1=CC=C(C=C1)C=O,benzaldehyde,1042.942
C1=CC=C(C=C1)CC#N,benzeneacetonitrile,1012.89
C1=CC=C(C=C1)CCC#N,3-phenylpropanenitrile,996.44
C1=CC=C(C=C1)CCCCl,(3-chloropropyl)benzene,1041.84
C1=CC=C(C=C1)CCCl,(2-chloroethyl)benzene,1066.91
C1=CC=C(C=C1)CCl,(chloromethyl)benzene,1094.82
C1=CC=C(C=C1)CCO,2-phenylethanol,1016.2
C1=CC=C(C=C1)Cl,chlorobenzene,1100.9
C1=CC=C(C=C1)CN,benzylamine,978.337
C1=CC=C(C=C1)CO,benzenemethanol,1044.85
C1=CC=C(C=C1)COCC2=CC=CC=C2,dibenzyl ether,1039.32
C1=CC=C(C=C1)F,fluorobenzene,1018.79
C1=CC=C(C=C1)N,aniline,1017.6
C1=CC=C(C=C1)O,phenol,1058.51
C1=CC=C(C=C1)OC2=CC=CC=C2,diphenyl ether,1066.0
C1=CC=C(C=C1)OCCO,2-phenoxyethanol,1103.41
C1=CC=C2C(=C1)C(=O)N(C2=O)CCBr,N-(2-bromoethyl)phthalimide,1323.0
C1=CC=C2C(=C1)C(=O)N(C2=O)CCCBr,N-(3-bromopropyl)phthalimide,1051.0
C1=CC=C2C(=C1)C(=O)N(C2=O)CCCl,N-(2-chloroethyl)phthalimide,1218.0
C1=CC=C2C(=C1)C(=O)N(C2=O)CCl,N-(chloromethyl)phthalimide,1081.0
C1=CC=C2C(=C1)C=CC=[NH+]2.C(=O)[O-],quinolinium formate,1153.0
C1=CC=C2C(=C1)C=CC=N2,quinoline,1089.3
C1=CC=C2C(=C1)C=CC3=CC=CC=C32,phenanthrene,796.0
C1=CC=C2C(=C1)C=CS2,benzo[b]thiophene,1427.0
C1=CC=C2C(=C1)C3=CC=CC=C3S2,dibenzothiophene,635.527
C1=CC=C2C=C3C=C4C=CC=CC4=CC3=CC2=C1,"2,3-benzanthracene",778.0
C1=CC=C2C=C3C=CC=CC3=CC2=C1,anthracene,785.0
C1=CC=CC=C1,benzene,873.62
C1=CC=NC=C1,pyridine,978.24
C1=CC2=C3C(=C1)C4=CC=CC5=C4C(=CC=C5)C3=CC=C2,perylene,780.0
C1=CN=C(C=N1)C#N,2-cyanopyrazine,1174.0
C1=CNC=C1,pyrrole,965.95
C1=COC(=C1)C=O,2-furaldehyde,1154.805
C1=COC(=C1)CC2=CC=CO2,"2,2'-methylenebisfuran",1090.91
C1=COC(=C1)CO,2-hydroxymethylfuran,1130.269
C1=COC=C1,furan,931.84
C1=CSC(=C1)C=O,2-thiophenealdehyde,1217.32
C1=CSC(=C1)CO,2-thiophenemethanol,1202.27
C1=CSC=C1,thiophene,1058.5
C1C(=O)NC2=C(C=C(C=C2)[N+](=O)[O-])C(=N1)C3=CC=CC=C3Cl,clonazepam,1004.0
C1C(=O)NCC(=O)N1,"2,5-diketopiperazine",1002.5
C1C(O1)CCl,"1-chloro-2,3-epoxypropane",1174.6
C1C(O1)CO,"2,3-epoxy-1-propanol",1001.846
C1CC(=O)CCC1=O,"1,4-cyclohexanedione",1.0196
C1CC(=O)NC1,2-pyrrolidinone,994.28
C1CC(=O)OC1,.gamma.-butyrolactone,1124.97
C1CC(NC1)C(=O)O,L-proline,1002.6
C1CC[NH2+]C1.C(=O)[O-],pyrrolidinium formate,1119.0
C1CC2C3CCC(C3)C2C1,exo-tetrahydrodicyclopentadiene,931.4
C1CCC(=O)C1,cyclopentanone,945.3
C1CCC(=O)CC1,cyclohexanone,945.1
C1CCC(C1)O,cyclopentanol,942.86
C1CCC(CC1)Br,bromocyclohexane,1328.41
C1CCC(CC1)C2=CC=CC=C2,cyclohexylbenzene,940.0
C1CCC(CC1)C2CCCCC2,"1,1'-bicyclohexyl",890.0
C1CCC(CC1)Cl,chlorocyclohexane,993.17
C1CCC(CC1)N,cyclohexylamine,862.3
C1CCC(CC1)N2CCCC2=O,N-cyclohexylpyrrolidinone,1025.559
C1CCC(CC1)O,cyclohexanol,961.5
C1CCC=CC1,cyclohexene,805.69
C1CCC2=CC=CC=C2C1,"1,2,3,4-tetrahydronaphthalene",965.89
C1CCC2CCCCC2C1,decahydronaphthalene,879.14
C1CCCC(=O)CC1,cycloheptanone,950.2
C1CCCC1,cyclopentane,739.74
C1CCCCC1,cyclohexane,773.7
C1CCCCCCC1,cyclooctane,830.967
C1CCNC1,pyrrolidine,863.81
C1CCNCC1,piperidine,859.87
C1CCOC1,tetrahydrofuran,881.95
C1CCOCC1,tetrahydropyran,878.81
C1CCS(=O)(=O)C1,sulfolane,1261.96
C1COC(=O)O1,ethylene carbonate,1350.0
C1COCCO1,"1,4-dioxane",1027.85
C1COCO1,"1,3-dioxolane",1059.0
C1COS(=O)O1,"1,3,2-dioxathiolane, 2-oxide",1432.17
C1OCOCO1,"1,3,5-trioxane",1.023
CC(=C)C(=O)OC,methyl methacrylate,937.628
CC(=C)C(=O)OCCN(C)C,2-(dimethylamino)ethyl methylpropenoate,933.13
CC(=C)CC(C)(C)C,"2,4,4-trimethyl-1-pentene",710.7
CC(=CC(=O)C)C,4-methyl-3-penten-2-one,857.6
CC(=CCCC(=CCO)C)C,"(E)-3,7-dimethyl-2,6-octadien-1-ol",874.22
CC(=CCCC(C)(C=C)O)C,"3,7-dimethyl-1,6-octadien-3-ol",858.08
CC(=CCCC(C)(C=C)OC(=O)C)C,linalool acetate,898.64
CC(=NOC)C,propan-2-one O-methyl oxime,830.0
CC(=O)[O-].[Na+],sodium ethanoate,873.0
CC(=O)[O-].C1CC[NH2+]C1,pyrrolidinium acetate,1054.3
CC(=O)C,acetone,785.47
CC(=O)C1=CC=C(C=C1)Cl,4'-chloroacetophenone,1188.9
CC(=O)C1=CC=CC=C1,acetophenone,1023.0
CC(=O)C1=CC=CS1,2-acetylthiophene,1171.0
CC(=O)CC(=O)C,"2,4-pentanedione",971.07
CC(=O)CC1=CC=CC=C1,1-phenyl-2-propanone,999.024
CC(=O)CCC(=O)O,4-oxopentanoic acid,1135.71
CC(=O)CCC(=O)OC,methyl levulinate,1045.396
CC(=O)CCC1=CC=CC=C1,4-phenyl-2-butanone,984.742
CC(=O)N(C)C,"N,N-dimethylethanamide",936.274
CC(=O)O,acetic acid,1043.6
CC(=O)O.C(CO)N,2-hydroxyethylammonium acetate,1149.039
CC(=O)O.C(CO)N(CCO)CCO,triethanolammonium acetate,1120.0
CC(=O)OC,methyl ethanoate,927.1
CC(=O)OC=C,vinyl acetate,925.59
CC(=O)OCC1=CC=CC=C1,benzyl ethanoate,1051.1
CC(C(=O)O)O,(S)-2-hydroxypropanoic acid,999.5
CC(C(=O)O)O.C(CO)N(CCO)CCO,triethanolamine lactate,1222.0
CC(C(=O)OC)O,methyl 2-hydroxypropanoate,1087.431
CC(C(C)O)O,"2,3-butanediol",1002.3
CC(C)(C)C1=CC=CC=C1,"(1,1-dimethylethyl)benzene",862.23
CC(C)(C)Cl,2-chloro-2-methylpropane,836.45
CC(C)(C)CO,"2,2-dimethyl-1-propanol",-0.654
CC(C)(C)N,2-methyl-2-propanamine,696.0
CC(C)(C)O,2-methylpropan-2-ol,781.2
CC(C)(C)OC,2-methoxy-2-methylpropane,735.4
CC(C)C(=O)C,3-methyl-2-butanone,799.55
CC(C)C(=O)C(C)C,"2,4-dimethyl-3-pentanone",798.8
CC(C)C(=O)O,2-methylpropanoic acid,941.63
CC(C)C(C(=O)O)N,L-valine,998.1
CC(C)C(C)C,"2,3-dimethylbutane",658.562
CC(C)C(C)C(C)C,"2,3,4-trimethylpentane",716.2
CC(C)C(C)O,3-methyl-2-butanol,812.31
CC(C)C1=CC=CC=C1,isopropylbenzene,863.75
CC(C)CC(=O)C,4-methylpentan-2-one,796.5
CC(C)CC(=O)CC(C)C,"2,6-dimethyl-4-heptanone",804.8
CC(C)CC(=O)O,3-methylbutanoic acid,921.34
CC(C)CC(C)(C)C,"2,2,4-trimethylpentane",687.72
CC(C)CC(C)O,4-methyl-2-pentanol,803.77
CC(C)CC1=CC=CC=C1,(2-methylpropyl)benzene,791.7
CC(C)CCC(=O)C,5-methyl-2-hexanone,887.9
CC(C)CCCC(C)CCCC(C)CCCCC(C)CCCC(C)CCCC(C)C,"2,6,10,15,19,23-hexamethyltetracosane",805.4
CC(C)CCl,1-chloro-2-methylpropane,871.13
CC(C)CCO,3-methylbutan-1-ol,801.76
CC(C)CCOC(=O)C,2-methylbutyl ethanoate,873.5
CC(C)Cl,2-chloropropane,856.08
CC(C)CN1C=C[N+](=C1)CC(C)C.[Br-],"1,3-diisobutylimidazolium bromide",1250.0
CC(C)CO,2-methyl-1-propanol,797.83
CC(C)COC(=O)C,2-methylpropyl ethanoate,866.12
CC(C)COC(=O)CCCCC(=O)OCC(C)C,diisobutyl adipate,951.7
CC(C)COCOC,1-(methoxymethoxy)-2-methylpropane,832.5
CC(C)N,2-propanamine,683.94
CC(C)NC(C)C,diisopropylamine,715.3
CC(C)O,propan-2-ol,781.91
CC(C)OC(C)C,diisopropyl ether,718.14
CC(C)OCCO,2-isopropoxyethanol,899.69
CC(C1=CC=CC=C1)N,1-phenylethanamine,949.58
CC(C1=CC=CC=C1)NCC2=CC=CC=C2,(S)-N-benzyl-1-phenylethylamine,1007.9
CC(C1=CC=CC=C1)O,(R)-(+)-1-phenylethanol,1012.4
CC(C1=CC2=C(C=C1)C=C(C=C2)OC)C(=O)O,(S)-(+)-naproxen,785.0
CC(CC(C)(C)O)O,"2-methyl-2,4-pentanediol",918.22
CC(CCC=C(C)C)C=C,"3,7-dimethyl-1,6-octadiene",766.8
CC(CCC=C(C)C)CCO,"3,7-dimethyl-6-octen-1-ol",855.37
CC(CCl)Cl,"1,2-dichloropropane",1149.03
CC(CCO)O,"1,3-butanediol",1000.42
CC(Cl)(Cl)Cl,"1,1,1-trichloroethane",1328.7
CC(CN)N,"1,2-propanediamine",857.09
CC(CN)O,1-amino-2-propanol,956.3
CC(CO)(CO)CO,"1,1,1-trimethylolethane",1.798
CC(CO)CO,"2-methyl-1,3-propanediol",0.322
CC(CO)O,"1,2-propanediol",1032.554
CC(COC)O,1-methoxy-2-propanol,916.5
CC(COC)OC(=O)C,1-methoxy-2-propyl acetate,963.0
CC(COC)OCC(C)OC,2-methoxy-1-(2-methoxy-1-methylethoxy)propane,898.566
CC[N+](=O)[O-],nitroethane,1044.206
CC[N+]1=CC=CC(=C1)C.CCOS(=O)(=O)[O-],1-ethyl-3-methylpyridinium ethylsulfate,1219.61
CC[NH+](CC)CC.OS(=O)(=O)[O-],triethylammonium hydrogen sulfate,1142.89
CC[NH2+]CC.OS(=O)(=O)[O-],diethylammonium hydrogen sulfate,1283.95
CC#N,acetonitrile,776.533
CC=C(C)CCCC(C)(C)O,"6-octen-2-ol, 2,6-dimethyl-",831.8
CC1(C2CCC(=C)C1C2)C,"(1S,5S)-6,6-dimethyl-2-methylenebicyclo[3.1.1]heptane",866.84
CC1(C2CCC(C2)(C1=O)C)C,(-)-fenchone,940.67
CC1(C2CCC(O1)(CC2)C)C,"1,3,3-trimethyl-2-oxabicyclo[2.2.2]octane",920.51
CC1(OCC(O1)CO)C,"2,2-dimethyl-1,3-dioxolane-4-methanol",1069.3
CC1(OCCO1)C,"2,2-dimethyl-1,3-dioxolane",944.2
CC1=C(C2=C(N1C(=O)C3=CC=C(C=C3)Cl)C=CC(=C2)OC)CC(=O)O,1-(4-chlorobenzoyl)-5-methoxy-2-methyl-1H-indole-3-acetic acid,783.0
CC1=C2C(=CC=C1)C3=CC=CC=C3S2,4-methyldibenzothiophene,812.185
CC1=CC(=C(C=C1)C)C,"1,2,4-trimethylbenzene",871.64
CC1=CC(=CC(=C1)C)C,"1,3,5-trimethylbenzene",861.03
CC1=CC(=CC=C1)[N+](=O)[O-],3-nitrotoluene,1147.67
CC1=CC(=CC=C1)C,"1,3-dimethylbenzene",859.78
CC1=CC(=CC=C1)Cl,3-chlorotoluene,1072.15
CC1=CC(=CC=C1)O,3-methylphenol,1030.0
CC1=CC=C(C=C1)C,"1,4-dimethylbenzene",856.51
CC1=CC=C(C=C1)C(C)C,1-(1-methylethyl)-4-methylbenzene,853.2
CC1=CC=C(C=C1)Cl,4-chlorotoluene,1065.14
CC1=CC=C(O1)C,"2,5-dimethylfuran",895.63
CC1=CC=C(O1)C=O,5-methylfurfural,1103.203
CC1=CC=C(S1)C,"2,5-dimethylthiophene",980.2
CC1=CC=CC=C1,toluene,862.21
CC1=CC=CC=C1[N+](=O)[O-],2-nitrotoluene,1153.24
CC1=CC=CC=C1C,"1,2-dimethylbenzene",874.89
CC1=CC=CC=C1Cl,2-chlorotoluene,1072.82
CC1=CC=CC=C1N,2-methylaniline,994.343
CC1=CC=CC=C1O,2-methylphenol,1046.0
CC1=CC=CC=N1,2-methylpyridine,939.8
CC1=CC=CC2=CC=CC=C12,1-methylnaphthalene,1020.0
CC1=CC=CO1,2-methylfuran,910.73
CC1=CC=CS1,2-methylthiophene,1014.79
CC1=CC=NC=C1,4-methylpyridine,950.179
CC1=CC2=CC=CC=C2N1,2-methylindole,1070.0
CC1=CCC(=CC1)C(C)C,"1-methyl-4-(1-methylethyl)-1,4-cyclohexadiene",844.9
CC1=CCC(CC1)C(=C)C,(R)-1-methyl-4-(1-methylethenyl)cyclohexene,838.68
CC1=CCC(CC1)C(C)(C)O,".alpha.,.alpha.,4-trimethyl-3-cyclohexene-1-methanol",931.15
CC1=CCC(CC1=O)C(=C)C,l-carvone,958.79
CC1=CCC2C(C1)C2(C)C,"3,7,7-trimethylbicyclo[4.1.0]hept-3-ene",863.8
CC1=CCC2CC1C2(C)C,2-pinene,853.88
CC1=CN=CC=C1,3-methylpyridine,952.002
CC1=CSC=C1,3-methylthiophene,1016.0
CC1=NC(=CC=C1)C,"2,6-dimethylpyridine",918.19
CC12CC(C3C(C1CCC2(C(=O)CO)O)CCC4=CC(=O)C=CC34C)O,prednisolone,1005.0
CC12CCC(=O)C=C1CCC3C2C(CC4(C3CCC4(C(=O)CO)O)C)O,"11.beta.,17.alpha.,21-trihydroxypregn-4-ene-3,20-dione",1005.0
CC1CCC(=O)O1,.gamma.-valerolactone,1049.25
CC1CCC(O1)C,"2,5-dimethyltetrahydrofuran",825.25
CC1CCCCC1,methylcyclohexane,764.96
CC1CCCO1,2-methyltetrahydrofuran,848.1
CC1CN1,2-methylaziridine,802.23
CC1COC(=O)O1,"(R)-4-methyl-1,3-dioxolan-2-one",1199.4
CCC(=O)C,butanone,799.8
CCC(=O)C1=CC=CC=C1,ethyl phenyl ketone,1009.2
CCC(=O)CC,pentan-3-one,809.09
CCC(=O)CCC(C)C,6-methyl-3-heptanone,822.7
CCC(=O)N(C)C,"N,N-dimethylpropionamide",921.16
CCC(=O)O,propanoic acid,988.0
CCC(=O)OC,methyl propanoate,910.28
CCC(=O)OC(C)C1=CC=CC=C1,1-phenylethyl propionate,1007.0
CCC(=O)OC=C,vinyl propanoate,909.69
CCC(=O)OCC,ethyl propanoate,884.02
CCC(=O)OCC1=CC=CC=C1,benzyl propanoate,1027.6
CCC(C)(C)C,"2,2-dimethylbutane",644.43
CCC(C)(C)O,2-methylbutan-2-ol,804.21
CCC(C)(C)OC,2-methoxy-2-methylbutane,765.91
CCC(C)(C)OCC,"1,1-dimethylpropyl ethyl ether",760.57
CCC(C)C(C)C,"2,3-dimethylpentane",694.9
CCC(C)C1=CC=CC=C1,(1-methylpropyl)benzene,857.95
CCC(C)CC,3-methylpentane,659.62
CCC(C)Cl,2-chlorobutane,867.37
CCC(C)CO,2-methyl-1-butanol,815.0
CCC(C)N,2-butanamine,725.3
CCC(C)O,butan-2-ol,802.4
CCC(C)OC(=O)C,1-methylpropyl ethanoate,866.4
CCC(C)OCOC,2-(methoxymethoxy)butane,836.4
CCC(CC)O,3-pentanol,815.8
CCC(CO)(CO)CO,"2-ethyl-2-(hydroxymethyl)-1,3-propanediol",1.851
CCC(CO)(CO)COCC(CC)(CO)CO,"3,3,7,7-tetrakis(hydroxymethyl)-5-oxanonane",0.629
CCC(CO)O,"1,2-butanediol",998.505
CCC[N+](=O)[O-],1-nitropropane,996.1
CCC[N+]1(CCCC1)C.[N-](S(=O)(=O)F)S(=O)(=O)F,1-methyl-1-propylpyrrolidinium bis(fluorosulfonyl)amide,1342.9
CCC[N+]1(CCCCC1)C.C(F)(F)(F)S(=O)(=O)[N-]S(=O)(=O)C(F)(F)F,1-methyl-1-propylpiperidinium bis(trifluoromethylsulfonyl)imide,1409.8
CCC#N,propanenitrile,776.8
CCC=O,propanal,797.21
CCC1=CC=C(C=C1)C,1-ethyl-4-methylbenzene,861.07
CCC1=CC=CC(=C1)C,1-ethyl-3-methylbenzene,864.44
CCC1=CC=CC=C1,ethylbenzene,862.37
CCC1=CC=CC=C1C,1-ethyl-2-methylbenzene,880.66
CCC1=CC=CO1,2-ethylfuran,899.11
CCC1=CC=CS1,2-ethylthiophene,988.39
CCCC(=O)C,pentan-2-one,801.522
CCCC(=O)CCC,4-heptanone,817.6
CCCC(=O)O,butanoic acid,952.6
CCCC(=O)OC,methyl butanoate,892.94
CCCC(=O)OC=C,vinyl butanoate,888.65
CCCC(=O)OCC,ethyl butanoate,873.25
CCCC(=O)OCC1CO1,glycidyl butyrate,1047.0
CCCC(=O)OCCC,propyl butanoate,867.9
CCCC(=O)OCCC(C)C,3-methylbutyl butanoate,858.69
CCCC(C)C,2-methylpentane,648.45
CCCC(C)O,pentan-2-ol,805.4
CCCC(C)OC(=O)CCC,1-methylbutyl butanoate,849.19
CCCC(CO)O,"1,2-pentanediol",966.678
CCCC[N+](C)(C)C.C(F)(F)(F)S(=O)(=O)[N-]S(=O)(=O)C(F)(F)F,butyltrimethylammonium bis(trifluoromethylsulfonyl)imide,1392.99
CCCC[N+](CCCC)(CCCC)CCCC.[Br-],tetrabutylammonium bromide,1004.9
CCCC[N+]1(CCCC1)C.C(#N)[S-],1-butyl-1-methylpyrrolidinium thiocyanate,1024.77
CCCC[N+]1(CCCC1)C.C(=[N-])=NC#N,1-butyl-1-methylpyrrolidinium dicyanamide,1013.49
CCCC[N+]1(CCCC1)C.C(=C(C#N)C#N)=[N-],1-butyl-1-methylpyrrolidinium tricyanomethanide,1006.75
CCCC[N+]1(CCCC1)C.C(C(F)(F)[P-](C(C(F)(F)F)(F)F)(C(C(F)(F)F)(F)F)(F)(F)F)(F)(F)F,1-butyl-1-methylpyrrolidinium tris(pentafluoroethyl)trifluorophosphate,1582.63
CCCC[N+]1(CCCC1)C.C(F)(F)(F)S(=O)(=O)[O-],1-butyl-1-methylpyrrolidinium trifluoromethanesulfonate,1252.71
CCCC[N+]1(CCCCC1)C.C(F)(F)(F)S(=O)(=O)[N-]S(=O)(=O)C(F)(F)F,1-butyl-1-methylpiperidinium bis(trifluoromethanesulfonyl)imide,1379.2
CCCC[N+]1=CC=C(C=C1)C.C(#N)[S-],1-butyl-4-methylpyridinium thiocyanate,1061.57
CCCC[N+]1=CC=C(C=C1)C.C(=C(C#N)C#N)=[N-],1-butyl-4-methylpyridinium tricyanomethanide,1036.68
CCCC[N+]1=CC=C(C=C1)C.C(F)(F)(F)S(=O)(=O)[O-],1-butyl-4-methylpyridinium trifluoromethanesulfonate,1170.0
CCCC[N+]1=CC=CC(=C1)C.C(F)(F)(F)S(=O)(=O)[O-],1-butyl-3-methylpyridinium trifluoromethanesulfonate,1279.765
CCCC[N+]1=CC=CC=C1.C(F)(F)(F)S(=O)(=O)[O-],1-butylpyridinium trifluoromethanesulfonate,1311.77
CCCC[N+]1=CN(C=C1)CC.F[P-](F)(F)(F)(F)F,1-butyl-3-ethylimidazolium hexafluorophosphate,1327.6
CCCC#N,butanenitrile,786.27
CCCC=C,1-pentene,640.1
CCCC=O,butanal,801.54
CCCC1=CC=CC=C1,propylbenzene,857.62
CCCC1CCCCC1,1-cyclohexylpropane,790.0
CCCC1OC2CC3C4CCC5=CC(=O)C=CC5(C4C(CC3(C2(O1)C(=O)CO)C)O)C,budesonide,1003.0
CCCCC,pentane,621.22
CCCCC(=O)C,2-hexanone,806.37
CCCCC(=O)O,pentanoic acid,934.75
CCCCC(=O)OC,methyl pentanoate,884.59
CCCCC(=O)OC(=O)CCCC,pentanoic anhydride,939.15
CCCCC(=O)OCC,ethyl pentanoate,869.42
CCCCC(=O)OCC(COC(=O)CCCC)(COC(=O)CCCC)COC(=O)CCCC,pentaerythritol tetrapentanoate,1014.7
CCCCC(C)O,2-hexanol,810.25
CCCCC(CC)C(=O)OCC(COC(=O)C(CC)CCCC)(COC(=O)C(CC)CCCC)COC(=O)C(CC)CCCC,pentaerythritol tetra(2-ethylhexanoate),961.62
CCCCC(CC)CO,2-ethyl-1-hexanol,828.91
CCCCC(CC)COC(=O)C,2-ethylhexyl acetate,872.25
CCCCC(CC)COC(=O)C1=CC(=C(C=C1)C(=O)OCC(CC)CCCC)C(=O)OCC(CC)CCCC,tris(2-ethylhexyl) trimellitate,988.0
CCCCC(CC)COC(=O)CCCCC(=O)OCC(CC)CCCC,bis(2-ethylhexyl) adipate,925.4
CCCCC(CC)COC(=O)CCCCCCCCC(=O)OCC(CC)CCCC,bis(2-ethylhexyl) decanedioate,909.8
CCCCC(CC)COP(=O)(O)OCC(CC)CCCC,bis(2-ethylhexyl) hydrogen phosphate,969.1
CCCCC#N,pentanenitrile,794.79
CCCCC=C,hex-1-ene,668.73
CCCCC1=CC=CC=C1,butylbenzene,856.29
CCCCCC(=O)[O-].C1CC[NH2+]C1,pyrrolidinium hexanoate,988.0
CCCCCC(=O)C,2-heptanone,811.162
CCCCCC(=O)CC,3-octanone,817.77
CCCCCC(=O)O,hexanoic acid,922.06
CCCCCC(=O)OC,methyl hexanoate,879.76
CCCCCC(=O)OC(=O)CCCCC,caproic anhydride,923.96
CCCCCC(=O)OCC,ethyl hexanoate,866.29
CCCCCC(C)C,2-methylheptane,693.9
CCCCCC(C)O,2-heptanol,813.33
CCCCCC=C,1-heptene,692.519
CCCCCC=O,hexanal,830.01
CCCCCCBr,1-bromohexane,1169.62
CCCCCCC,heptane,679.54
CCCCCCC(=O)[O-].C1CC[NH2+]C1,pyrrolidinium heptanoate,972.1
CCCCCCC(=O)C,2-octanone,814.32
CCCCCCC(=O)O,heptanoic acid,918.0
CCCCCCC(=O)OC,methyl heptanoate,875.88
CCCCCCC(=O)OCC,ethyl heptanoate,881.3
CCCCCCC(=O)OCC(COC(=O)CCCCCC)(COC(=O)CCCCCC)COC(=O)CCCCCC,pentaerythritol tetraheptanoate,970.7
CCCCCCC(=O)OCC(COCC(COC(=O)CCCCCC)(COC(=O)CCCCCC)COC(=O)CCCCCC)(COC(=O)CCCCCC)COC(=O)CCCCCC,dipentaerythritol hexaheptanoate,989.7
CCCCCCC(C)N,1-methylheptylamine,772.0
CCCCCCC(C)O,2-octanol,816.13
CCCCCCC=C,oct-1-ene,710.88
CCCCCCC=O,heptanal,816.83
CCCCCCC1CCCCC1,hexylcyclohexane,810.0
CCCCCCCC,octane,698.636
CCCCCCCC(=O)[O-].C1CC[NH2+]C1,pyrrolidinium octanoate,949.5
CCCCCCCC(=O)O,octanoic acid,906.02
CCCCCCCC(=O)OC,methyl octanoate,876.9
CCCCCCCC(=O)OCC,ethyl octanoate,862.15
CCCCCCCC(=O)OCC(COC(=O)CCCCCCC)OC(=O)CCCCCCC,"1,2,3-propanetriol trioctanoate",948.9
CCCCCCCC[N+](C)(CCCCCCCC)CCCCCCCC.[Cl-],"N-methyl-N,N-dioctyl-1-octanaminium chloride",896.0
CCCCCCCC=O,octanal,836.1
CCCCCCCCC,nonane,714.064
CCCCCCCCC(=O)C,2-decanone,820.63
CCCCCCCCC(=O)OC,methyl nonanoate,874.53
CCCCCCCCC(=O)OCC,ethyl nonanoate,866.3
CCCCCCCCC=C,1-decene,741.0
CCCCCCCCC=CCCCCCCCC(=O)OC,methyl cis-9-octadecenoate,873.8
CCCCCCCCC=CCCCCCCCCO,(Z)-9-octadecen-1-ol,848.5
CCCCCCCCCC,decane,726.4
CCCCCCCCCC(=O)OC,methyl decanoate,868.02
CCCCCCCCCC(=O)OCC,ethyl decanoate,863.82
CCCCCCCCCC=O,decanal,838.37
CCCCCCCCCCC,undecane,740.289
CCCCCCCCCCC1=CC=CC=C1,1-phenyldecane,855.8
CCCCCCCCCCCC,dodecane,741.54
CCCCCCCCCCCC(=O)OC,methyl dodecanoate,861.8
CCCCCCCCCCCC(=O)OCC,ethyl dodecanoate,853.9
CCCCCCCCCCCC[N+](C)(C)C.[Br-],dodecyltrimethylammonium bromide,998.575
CCCCCCCCCCCC1=CC=CC=C1,undecylbenzene,856.8
CCCCCCCCCCCCC,tridecane,752.6
CCCCCCCCCCCCCC,tetradecane,759.27
CCCCCCCCCCCCCC(=O)OC,methyl tetradecanoate,859.7
CCCCCCCCCCCCCC(=O)OCC,ethyl tetradecanoate,861.0
CCCCCCCCCCCCCC[N+](C)(C)C.[Br-],tetradecyltrimethylammonium bromide,998.003
CCCCCCCCCCCCCC[P+](CCCCCC)(CCCCCC)CCCCCC.[Br-],tetradecyltrihexylphosphonium bromide,956.5
CCCCCCCCCCCCCC[P+](CCCCCC)(CCCCCC)CCCCCC.[Cl-],trihexyl(tetradecyl)phosphonium chloride,891.82
CCCCCCCCCCCCCC[P+](CCCCCC)(CCCCCC)CCCCCC.C(=[N-])=NC#N,tetradecyl(trihexyl)phosphonium dicyanamide,899.14
CCCCCCCCCCCCCC[P+](CCCCCC)(CCCCCC)CCCCCC.C(C(F)(F)[P-](C(C(F)(F)F)(F)F)(C(C(F)(F)F)(F)F)(F)(F)F)(F)(F)F,trihexyl(tetradecyl)phosphonium tris(pentafluoroethyl)trifluorophosphate,1181.8
CCCCCCCCCCCCCC[P+](CCCCCC)(CCCCCC)CCCCCC.CC(CC(C)(C)C)CP(=O)(CC(C)CC(C)(C)C)[O-],"trihexyltetradecylphosphonium bis(2,4,4-trimethylpentyl)phosphinate",886.43
CCCCCCCCCCCCCC[P+](CCCCCC)(CCCCCC)CCCCCC.CCCCCCCCCC(=O)[O-],trihexyltetradecylphosphonium decanoate,900.0
CCCCCCCCCCCCCCCC,hexadecane,771.15
CCCCCCCCCCCCCCCC[N+](C)(C)C.[Br-],"N,N,N-trimethyl-1-hexadecanaminium bromide",1004.435
CCCCCCCCCCCCCCCCCC1=CC=CC=C1,"heptadecane, 1-phenyl-",847.62
CCCCCCCCCCCCN(CCCCCCCCCCCC)CCCCCCCCCCCC,tridodecylamine,819.23
CCCCCCCCCCCCN1C=C[N+](=C1)C.C(C(F)(F)S(=O)(=O)[O-])(F)F,"1-dodecyl-3-methylimidazolium 1,1,2,2-tetrafluoroethanesulfonate",1136.0
CCCCCCCCCCCCO,dodecan-1-ol,830.37
CCCCCCCCCCCCOS(=O)(=O)[O-].[Na+],sodium dodecyl sulfate,1016.895
CCCCCCCCCCCCS,1-dodecanethiol,843.94
CCCCCCCCCCCO,1-undecanol,829.34
CCCCCCCCCCO,decan-1-ol,826.31
CCCCCCCCCl,1-chlorooctane,868.98
CCCCCCCCCO,nonan-1-ol,824.48
CCCCCCCCl,1-chloroheptane,872.79
CCCCCCCCN,1-octanamine,779.95
CCCCCCCCN(CCCCCCCC)CCCCCCCC,trioctylamine,807.9
CCCCCCCCN1C=C[N+](=C1)C.[Cl-],1-methyl-3-octylimidazolium chloride,1007.0
CCCCCCCCN1C=C[N+](=C1)C.C(C(C(F)(F)S(=O)(=O)[O-])(F)F)(C(F)(F)F)(F)F,1-methyl-3-octylimidazolium perfluorobutanesulfonate,1330.0
CCCCCCCCN1C=C[N+](=C1)C.C(F)(F)(F)S(=O)(=O)[O-],1-octyl-3-methylimidazolium trifluoromethanesulfonate,1120.0
CCCCCCCCN1C=C[N+](=C1)C.F[P-](F)(F)(F)(F)F,1-octyl-3-methylimidazolium hexafluorophosphate,1235.7
CCCCCCCCO,octan-1-ol,821.72
CCCCCCCl,1-chlorohexane,873.5
CCCCCCCN,1-heptanamine,774.9
CCCCCCCN1C=C[N+](=C1)C.C(C(F)(F)S(=O)(=O)[O-])(F)F,"1-heptyl-3-methylimidazolium 1,1,2,2-tetrafluoroethanesulfonate",1274.0
CCCCCCCO,heptan-1-ol,818.93
CCCCCCI,1-iodohexane,1437.2
CCCCCCl,1-chloropentane,877.089
CCCCCCN,1-hexanamine,760.16
CCCCCCN(CCCCCC)CCCCCC,"N,N-dihexyl-1-hexanamine",796.22
CCCCCCN1C=C[N+](=C1)C.[Cl-],1-hexyl-3-methylimidazolium chloride,1044.3
CCCCCCN1C=C[N+](=C1)C.C(#N)[S-],1-hexyl-3-methylimidazolium thiocyanate,1056.92
CCCCCCN1C=C[N+](=C1)C.C(=[N-])=NC#N,1-hexyl-3-methylimidazolium dicyanamide,1028.47
CCCCCCN1C=C[N+](=C1)C.C(F)(F)(F)S(=O)(=O)[O-],1-hexyl-3-methylimidazolium trifluoromethanesulfonate,1234.94
CCCCCCN1C=C[N+](=C1)C.F[P-](F)(F)(F)(F)F,1-hexyl-3-methylimidazolium hexafluorophosphate,1293.7
CCCCCCO,hexan-1-ol,815.15
CCCCCCOC(=O)C,hexyl ethanoate,868.52
CCCCCl,1-chlorobutane,880.69
CCCCCN,1-pentanamine,754.1
CCCCCN(CCCCC)CCCCC,tripentylamine,786.41
CCCCCN1C=C[N+](=C1)C.C(F)(F)(F)S(=O)(=O)[N-]S(=O)(=O)C(F)(F)F,1-methyl-3-pentylimidazolium bis(trifluoromethylsulfonyl)imide,1404.45
CCCCCO,pentan-1-ol,810.89
CCCCCOC(=O)C,pentyl ethanoate,870.17
CCCCCOCCCCC,dipentyl ether,779.1
CCCCl,1-chloropropane,883.81
CCCCN,1-butanamine,732.18
CCCCN(CCCC)CCCC,tributylamine,773.56
CCCCN1C=C[N+](=C1)C.[Cl-],1-butyl-3-methylimidazolium chloride,997.466
CCCCN1C=C[N+](=C1)C.[N+](=O)([O-])[O-],1-butyl-3-methylimidazolium nitrate,1153.0
CCCCN1C=C[N+](=C1)C.C(#N)[S-],1-butyl-3-methylimidazolium thiocyanate,1068.87
CCCCN1C=C[N+](=C1)C.C(=[N-])=NC#N,1-butyl-3-methylimidazolium dicyanamide,1058.7
CCCCN1C=C[N+](=C1)C.C(=C1C(=NC(=N1)C(F)(F)F)C#N)=[N-],"1-butyl-3-methylimidazolium 4,5-dicyano-2-(trifluoromethyl)imidazolide",1199.65
CCCCN1C=C[N+](=C1)C.C(C(F)(F)S(=O)(=O)[N-]S(=O)(=O)C(C(F)(F)F)(F)F)(F)(F)F,1-butyl-3-methylimidazolium bis(perfluoroethylsulfonyl)imide,1514.0
CCCCN1C=C[N+](=C1)C.C(C(F)(F)S(=O)(=O)[O-])(F)F,"1-butyl-3-methylimidazolium 1,1,2,2-tetrafluoroethanesulfonate",1324.0
CCCCN1C=C[N+](=C1)C.C(F)(F)(F)S(=O)(=O)[N-]S(=O)(=O)C(F)(F)F,1-butyl-3-methylimidazolium bis(trifluoromethylsulfonyl)imide,1436.579
CCCCN1C=C[N+](=C1)C.C(F)(F)(F)S(=O)(=O)[O-],1-butyl-3-methylimidazolium trifluoromethanesulfonate,1303.63
CCCCN1C=C[N+](=C1)C.CC(=O)[O-],1-butyl-3-methylimidazolium acetate,1052.7
CCCCN1C=C[N+](=C1)C.CCCCOP(=O)([O-])OCCCC,1-butyl-3-methylimidazolium dibutyl phosphate,1046.18
CCCCN1C=C[N+](=C1)C.COCCOCCOS(=O)(=O)[O-],1-butyl-3-methylimidazolium 2-(2-methoxyethoxy)ethyl sulfate,1170.0
CCCCN1C=C[N+](=C1)C.COS(=O)(=O)[O-],1-butyl-3-methylimidazolium methyl sulfate,1207.75
CCCCN1C=C[N+](=C1)C.F[P-](F)(F)(F)(F)F,1-butyl-3-methylimidazolium hexafluorophosphate,1366.95
CCCCN1C=C[N+](=C1)C.F[Sb-](F)(F)(F)(F)F,1-butyl-3-methylimidazolium hexafluoroantimonate,1694.3
CCCCN1C=C[N+](=C1)CCCC.[Br-],"1,3-dibutylimidazolium bromide",1200.0
CCCCN1CN(C=C1)C.Br,1-butyl-3-methylimidazolium bromide,1230.0
CCCCNCCCC,dibutylamine,755.528
CCCCO,butan-1-ol,806.14
CCCCOC,butyl methyl ether,740.78
CCCCOC(=O)C,butyl ethanoate,876.4
CCCCOC(=O)C(C)O,butyl L-lactate,982.178
CCCCOC(=O)C=C,butyl 2-propenoate,894.1
CCCCOC(=O)C1=CC=CC=C1C(=O)OCCCC,dibutyl phthalate,1042.0
CCCCOC(=O)CC,butyl propanoate,870.88
CCCCOC(=O)CCC,butyl butanoate,864.84
CCCCOC(=O)CCC(=O)C,butyl levulinate,969.935
CCCCOC(=O)CCCCC(=O)OCCCC,dibutyl hexanedioate,960.6
CCCCOC(=O)OCCCC,dibutyl carbonate,925.17
CCCCOC(C)(C)C,"butane, 1-(1,1-dimethylethoxy)-",757.57
CCCCOC=O,butyl methanoate,888.33
CCCCOCC,butyl ethyl ether,745.3
CCCCOCCCC,dibutyl ether,764.04
CCCCOCCO,2-butoxyethan-1-ol,896.312
CCCCOCCOC(=O)C,2-butoxyethyl acetate,935.12
CCCCOCCOCCO,"3,6-dioxa-1-decanol",947.98
CCCCOCCOCCOCCCC,"5,8,11-trioxapentadecane",878.55
CCCCOCCOCCOCCO,triethylene glycol monobutyl ether,988.44
CCCCOP(=O)(OCCCC)OCCCC,tributyl phosphate,972.69
CCCN,propan-1-amine,712.25
CCCN(CCC)CCC,tripropylamine,752.1
CCCNCCC,dipropylamine,733.723
CCCO,propan-1-ol,800.62
CCCOC(=O)C,propyl ethanoate,886.0
CCCOC(=O)CC,propyl propanoate,875.48
CCCOC(=O)CCCCC(=O)OCCC,dipropyl hexanedioate,979.3
CCCOC(=O)OCCC,dipropyl carbonate,938.35
CCCOC=C,propyl vinyl ether,762.69
CCCOC=O,propyl methanoate,899.83
CCCOCC(C)O,1-propoxy-2-propanol,886.0
CCCOCCC,dipropyl ether,741.81
CCCOCCO,2-propoxyethanol,907.23
CCCOCCOCCO,2-(2-propoxyethoxy)ethanol,962.74
CCCOCOC,1-(methoxymethoxy)propane,841.4
CCCOCOCC,1-(ethoxymethoxy)propane,831.4
CCI,iodoethane,1923.75
CCN(CC)CC,triethylamine,722.56
CCN(CC)CC.CC(=O)O,triethylammonium acetate,1015.86
CCN(CC)CCCN,"N,N-diethylpropane-1,3-diamine",821.363
CCN(CC)CCO,(diethylamino)ethanol,880.0
CCN1C=C[N+](=C1)C.[Br-],1-ethyl-3-methylimidazolium bromide,1388.1
CCN1C=C[N+](=C1)C.[N+](=O)([O-])[O-],1-ethyl-3-methylimidazolium nitrate,948.6
CCN1C=C[N+](=C1)C.C(#N)[S-],1-ethyl-3-methylimidazolium thiocyanate,1115.79
CCN1C=C[N+](=C1)C.C(=[N-])=NC#N,1-ethyl-3-methylimidazolium dicyanamide,1102.03
CCN1C=C[N+](=C1)C.C(F)(F)(F)S(=O)(=O)[N-]S(=O)(=O)C(F)(F)F,1-ethyl-3-methylimidazolium bis((trifluoromethyl)sulfonyl)imide,1518.86
CCN1C=C[N+](=C1)C.C(F)(F)(F)S(=O)(=O)[O-],1-ethyl-3-methylimidazolium trifluoromethanesulfonate,1387.07
CCN1C=C[N+](=C1)C.CC(=O)[O-],1-ethyl-3-methylimidazolium acetate,1099.02
CCN1C=C[N+](=C1)C.CCN1C=C[N+](=C1)C.C(=[N-])=S.C(=[N-])=S.C(=[N-])=S.C(=[N-])=S.[Co+2],bis(1-ethyl-3-methylimidazolium) tetrathiocyanatocobaltate,1271.5
CCN1C=C[N+](=C1)C.CCOP(=O)([O-])OCC,1-ethyl-3-methylimidazolium diethyl phosphate,1148.4
CCN1C=C[N+](=C1)C.CCOS(=O)(=O)[O-],1-ethyl-3-methylimidazolium ethyl sulfate,1238.17
CCN1C=C[N+](=C1)C.COS(=O)(=O)[O-],1-ethyl-3-methylimidazolium methylsulfate,1280.81
CCN1C=C[N+](=C1)C.CS(=O)(=O)[O-],1-ethyl-3-methylimidazolium methanesulfonate,950.0
CCN1C=C[N+](=C1)CC.C(F)(F)(F)S(=O)(=O)[N-]S(=O)(=O)C(F)(F)F,"1,3-diethylimidazolium bis[(trifluoromethyl)sulfonyl]imide",1476.0
CCNCC.CC(=O)O,diethylammonium acetate,1021.41
CCO,ethanol,785.09
CCO[Si](OCC)(OCC)OCC,tetraethoxysilane,933.4
CCOC(=C)C,2-ethoxy-1-propene,771.2
CCOC(=O)C,ethyl acetate,894.4
CCOC(=O)C(C(=O)OCC)Br,diethyl bromomalonate,1399.18
CCOC(=O)C(C)O,(S)-(-)-ethyl lactate,1032.939
CCOC(=O)C(F)(F)F,ethyl trifluoroacetate,1189.7
CCOC(=O)C=C,ethyl propenoate,915.95
CCOC(=O)C1=CC=CC=C1,ethyl benzoate,1041.3
CCOC(=O)C1=CC=CC=C1C(=O)OCC,diethyl phthalate,1118.2
CCOC(=O)C1=CC=CC=C1O,ethyl 2-hydroxybenzoate,1125.0
CCOC(=O)CC(=O)C,ethyl 3-oxobutanoate,1023.45
CCOC(=O)CC(C)C,ethyl 3-methylbutanoate,859.78
CCOC(=O)CC1=CC=CC=C1,ethyl phenylacetate,1026.96
CCOC(=O)CCC(=O)C,ethyl levulinate,1007.542
CCOC(=O)CCC(=O)OCC,diethyl butanedioate,1035.5
CCOC(=O)CCCC(=O)OCC,diethyl glutarate,1022.04
CCOC(=O)CCCCC(=O)OCC,diethyl hexanedioate,1007.63
CCOC(=O)CCCCCCCCC(=O)OCC,diethyl decanedioate,959.18
CCOC(=O)CCl,ethyl chloroethanoate,1139.18
CCOC(=O)OC,ethyl methyl carbonate,1006.88
CCOC(=O)OCC,diethyl carbonate,969.2
CCOC(C(C(C(F)(F)F)(F)F)(F)F)(F)F,"1-ethoxy-1,1,2,2,3,3,4,4,4-nonafluorobutane",1422.8
CCOC(C(C(F)(F)F)(C(F)(F)F)F)(F)F,nonafluoroisobutyl ethyl ether,1422.8
CCOC(C)(C)C,2-ethoxy-2-methylpropane,735.44
CCOC=O,ethyl methanoate,914.7
CCOCC,diethyl ether,707.79
CCOCCO,2-ethoxyethan-1-ol,925.38
CCOCCOCCO,"3,6-dioxa-1-octanol",983.84
CCOCCOCCOCC,diethylene glycol diethyl ether,902.76
CCOCCOCCOCCO,2-(2-(2-ethoxyethoxy)ethoxy)ethanol,1016.19
CCOCOCC(C)C,1-(ethoxymethoxy)-2-methylpropane,823.8
Cl[Dy](Cl)Cl,dysprosium(III) chloride,998.15
Cl[Er](Cl)Cl,erbium trichloride,997.556
Cl[Fe](Cl)Cl,ferric chloride,1521.5
Cl[Yb](Cl)Cl,ytterbium trichloride,998.177
CN(C)C(=O)N(C)C,tetramethylurea,962.07
CN(C)C=O,dimethylformamide,943.81
CN(C)C1=CC=CC=C1,"N,N-dimethylaniline",952.05
CN(C)CCCN,"N,N-dimethyl-1,3-propanediamine",812.784
CN(C)CCCO,3-dimethylamino-1-propanol,880.817
CN(C)CCO,"2-(N,N-dimethylamino)ethanol",882.8
CN(CCO)CCO,N-methyldiethanolamine,1037.0
CN1C(=O)CN=C(C2=C1C=CC(=C2)Cl)C3=CC=CC=C3,"7-chloro-1,3-dihydro-1-methyl-5-phenyl-2H-1,4-benzodiazepin-2-one",1002.0
CN1C=C[N+](=C1)C.COP(=O)([O-])OC,"1,3-dimethylimidazolium dimethylphosphate",1257.8
CN1C=C[N+](=C1)C.COS(=O)(=O)[O-],"1,3-dimethylimidazolium methylsulfate",1327.2
CN1C=CN=C1,1-methylimidazole,1031.14
CN1CCCC1=O,N-methylpyrrolidone,1023.4
CN1CCCN(C1=O)C,"1,3-dimethyl-3,4,5,6-tetrahydro-2(1H)-pyrimidinone",1060.06
CN1CCN(C1=O)C,"1,3-dimethyl-2-imidazolidinone",1052.25
CN1CCOCC1,N-methylmorpholine,914.15
CNC=O,N-methylformamide,999.361
CNC1=CC=CC=C1,N-methylaniline,982.237
CNCC(=O)O,sarcosine,1038.595
CNCCCN,"N-methyl-1,3-diaminopropane",848.0
CO,methanol,786.531
COC(=O)C=C,methyl propenoate,947.56
COC(=O)C=CC(=O)OC,dimethyl cis-butenedioate,1160.8
COC(=O)C1=CC=CC=C1,methyl benzoate,1083.92
COC(=O)C1=CC=CC=C1C(=O)OC,"dimethyl 1,2-benzenedicarboxylate",1186.9
COC(=O)CCC(=O)OC,"dimethyl 1,4-butanedioate",1114.18
COC(=O)CCCC(=O)OC,dimethyl pentanedioate,1081.2
COC(=O)CCCCC(=O)OC,"dimethyl 1,6-hexanedioate",1081.2
COC(=O)CCCCCCCCC=C,methyl 10-undecenoate,886.83
COC(=O)OC,dimethyl carbonate,1063.33
COC(=O)OC1=CC=CC=C1,methyl phenyl carbonate,1143.63
COC(C(C(F)(F)F)(C(F)(F)F)F)(C(C(F)(F)F)(F)F)F,"1,1,1,2,2,3,4,5,5,5-decafluoro-3-methoxy-4-(trifluoromethyl)pentane",1656.7
COC(C(C(F)(F)F)(C(F)(F)F)F)(F)F,methyl nonafluoroisobutyl ether,1528.41
COC(C(C(F)(F)F)(F)F)(F)F,heptafluoropropyl methyl ether,1409.2
COC=O,methyl methanoate,966.1
COC1=C(C=C(C=C1)CC=C)OC,methyleugenol,1031.0
COC1=C(C=CC(=C1)CC=C)O,2-hydroxy-5-allylanisole,1062.0
COC1=CC(=CC=C1)Br,1-bromo-3-methoxybenzene,1467.6
COC1=CC=CC=C1,anisole,989.13
COC1CCCC1,methoxycyclopentane,858.16
COCCO,2-methoxyethan-1-ol,960.32
COCCOC,"1,2-dimethoxyethane",863.7
COCCOCCO,2-(2-methoxyethoxy)ethanol,1016.43
COCCOCCOC,"2,5,8-trioxanonane",938.62
COCCOCCOCCO,2-[2-(2-methoxyethoxy)ethoxy]ethanol,1043.06
COCCOCCOCCOC,"2,5,8,11-tetraoxadodecane",980.625
COCCOCCOCCOCCOC,"2,5,8,11,14-pentaoxapentadecane",1007.115
COCOC,dimethoxymethane,847.51
COCOCOC,"2,4,6-trioxaheptane",957.8
COCOCOCOC,"2,4,6,8-tetraoxanonane",1023.2
COCOCOCOCOC,"2,4,6,8,10-pentaoxaundecane",1067.8
CS(=O)C,dimethyl sulfoxide,1095.271
CSCCC(C(=O)O)N,L-methionine,998.5
CSSC,"2,3-dithiabutane",1051.14
O,water,997.06
OP(=O)([O-])[O-].[K+].[K+],dipotassium hydrogen phosphate,1025.321
OP(=O)([O-])[O-].[Na+].[Na+],disodium hydrogen phosphate,1023.408
OP(=O)(O)[O-].[K+],monopotassium phosphate,1025.321
OP(=O)(O)[O-].[Na+],sodium dihydrogen phosphate,1023.408
OP(=O)(O)O,phosphoric acid,1682.8
OS(=O)(=O)[O-].[Rb+],rubidium sulfate,1363.1
,(.+-.)-citronellal,856.3
,(2R)-(chloromethyl)-oxirane,1093.3
,(2R)-3-hydroxy-2-methyl-propanoic acid methyl ester,1067.5
,(2S)-3-hydroxy-2-methyl-propanoic acid methyl ester,1069.6
,(2S)-chloromethyl-oxirane,1093.5
,(D6)-2-propanone,868.0
,(R)-(+)-.alpha.-methylbenzylamine,965.38
,(R)-2-pinene,854.69
,(S)-(-)-.alpha.methylbenzylamine,965.49
,(S)-2-pinene,853.88
,"1,1'-(dodecane-1,12-diyl)bis(3-methyl-1H-imidazolium) tetrafluoroborate",1209.0
,"1,1-dimethylethyl ethanoate",860.53
,"1,2,3-trimethylpyridinium formate",1167.6
,"1,2-dimethyl-3-propylimidazolium bis[(trifluoromethyl)sulfonyl]imide",1481.0
,"1,2-dimethylpyridinium formate",1020.9
,"1,3-dichloro-4-methylbenzene",1249.314
,"1,3-diethyl-1H-imidazol-3-ium diethyl phosphate",1125.96
,1-(2-azido-3-bromopropyl)-3-methyl-3H-imidazol-1-ium bromide,1360.0
,1-(2-azido-3-bromopropyl)-3-methyl-3H-imidazol-1-ium dicyanamide,1310.0
,"1-(2-hydroxyethyl)-2,3-dimethylimidazolium tetrafluoroborate",1360.0
,1-(2-hydroxyethyl)pyridinium tricyanomethanide,1170.41
,1-(2-methoxyethyl)-1-methylpyrrolidinium bis((trifluoromethyl)sulfonyl)amide,1453.73
,1-(2-methoxyethyl)-1-methylpyrrolidinium tris(pentafluoroethyl)trifluorophosphate,1630.8
,1-(2-methoxyethyl)-3-methyl-imidazolium tetrafluoroborate,1306.0
,1-(3-azido-2-bromopropyl)-3-methyl-3H-imidazol-1-ium bromide,1340.0
,1-(3-azido-2-bromopropyl)-3-methyl-3H-imidazol-1-ium dicyanamide,1280.0
,1-(3-hydroxypropyl)pyridinium tricyanomethanide,1149.62
,1-(methoxymethoxy)-butane,837.1
,1-benzyl-3-methyl-1H-imidazolium chloride,1192.8
,1-butyl-1-methylpyrrolidinium bis(fluorosulfonyl)amide,1310.6
,1-butyl-1-methylpyrrolidinium bis[(trifluoromethyl)sulfonyl]imide,1394.3
,"1-butyl-2,3-dimethyl-1H-imidazolium bis(trifluoromethylsulfonyl)amide",1420.9
,"1-butyl-2,3-dimethyl-1H-imidazolium trifluorotris(perfluoroethyl)phosphate(V)",1599.9
,1-butyl-3-(3-sulfopropyl)-imidazolium hydrogensulfate,1346.9
,1-butyl-3-(4-sulfobutyl)-imidazolium hydrogensulfate,1361.1
,1-butyl-3-cyanopyridinium bis(trifluoromethylsulfonyl)imide,1479.79
,1-butyl-3-ethyl-1H-imidazol-3-ium diethyl phosphate,1083.21
,1-butyl-3-ethylimidazolium bis[(trifluoromethyl)sulfonyl]imide,1401.8
,1-butyl-3-methylimidazolium tricyanomethane,1046.68
,1-butyl-3-methylimidazolium tris(pentafluoroethyl)trifluorophosphate,1623.73
,"1-butyl-3-methylpyridinium 1,1,1-trifluoro-N-[(trifluoromethyl)sulfonyl]methanesulfonamide",1414.76
,1-butyl-3-methylpyridinium dicyanamide,1056.0
,1-butyl-4-methylpyridinium bis((trifluoromethyl)sulfonyl)amide,1412.3
,1-butylpyridinium dicyanamide,1068.83
,1-decyl-3-methyl-1H-imidazolium tetracyanoborate,955.57
,1-decyl-3-methylimidazolium bis(trifluoromethylsulfonyl)amide,1278.4
,1-decyl-3-methylimidazolium dicyanamide,1003.0
,1-ethyl-2-methylpyridinium bis((trifluoromethyl)sulfonyl)amide,1505.6
,"1-ethyl-3-methyl-1H-imidazolium 1,1,2,2-tetrafluoroethane-1-sulfonate",1502.0
,1-ethyl-3-methyl-1H-imidazolium bis(fluorosulfonyl)amide,1446.4
,1-ethyl-3-methyl-1H-imidazolium tricyanomethanide,1081.46
,"1-ethyl-3-methylimidazolium 1,1,2,2,2-pentafluoro-N-[(pentafluoroethyl)sulfonyl]ethanesulfonamide",1594.0
,1-ethyl-3-methylimidazolium 4-methylbenzenesulfonate,952.4
,1-ethyl-3-methylimidazolium octyl sulfate,1093.75
,1-ethyl-3-methylpyridinium bis((trifluoromethyl)sulfonyl)amide,1488.5
,1-ethyl-4-methylpyridinium bis((trifluoromethyl)sulfonyl)amide,1489.9
,1-ethylpyridinium dicyanamide,1118.49
,1-ethylpyridinium ethyl sulfate,1252.0
,1-heptyl-3-methylimidazolium bis(trifluoromethylsulfonyl)amide,1352.0
,1-hexyl-1-methylpyrrolidinium bis(trifluoromethanesulfonyl)imide,1336.0
,"1-hexyl-2,4-dimethylpyridinium bis((trifluoromethyl)sulfonyl)amide",1339.39
,"1-hexyl-3,5-dimethylpyridinium bis(trifluoromethylsulfonyl)imide",1328.14
,1-hexyl-3-ethylimidazolium bis(trifluoromethylsulfonyl)imide,1345.4
,1-hexyl-3-methylimidazolium bis(perfluoroethylsulfonyl)imide,1450.0
,1-hexyl-3-methylimidazolium bis[(trifluoromethyl)sulfonyl]imide,1371.6
,1-hexyl-3-methylimidazolium nitrate,1103.0
,1-hexyl-4-cyanopyridinium bis(trifluoromethylsulfonyl)imide,1407.0
,1-hexylpyridinium dicyanamide,1036.41
,1-isobutyl-3-methylimidazolium bromide,1260.0
,1-methoxy-nonafluorobutane,1516.5
,1-methyl-1-propylpyrrolidinium bis[(trifluoromethyl)sulfonyl]imide,1431.7
,1-methyl-3-(3-sulfopropyl)-imidazolium hydrogensulfate,1501.7
,1-methyl-3-(4-sulfobutyl)-imidazolium hydrogensulfate,1464.7
,1-methyl-3-pentyl-imidazolium tetrafluoroborate,1173.0
,"1-methyl-3-pentylimidazolium 1,1,2,2,2-pentafluoro-N-[(1,1,2,2,2-pentafluoroethyl)sulfonyl]ethanesulfonamide",1480.0
,1-methyl-3-pentylimidazolium nitrate,1127.0
,"1-methyl-3-propyl-1H-imidazolium 1,1,2,2,2-pentafluoro-N-[(1,1,2,2,2-pentafluoroethyl)sulfonyl]ethanesulfonimidate",1552.0
,1-methyl-3-propylimidazolium bis[(trifluoromethyl)sulfonyl]imide,1473.97
,1-methyl-3-propylimidazolium nitrate,1184.0
,1-methylethyl ethanoate,866.4
,1-methylvinyl ethanoate,927.8
,1-octyl-3-methylimidazolium bis[(trifluoromethyl)sulfonyl]imide,1320.76
,1-octylpyridinium tetrafluoroborate,1111.2
,1-pentylpyridinium dicyanamide,1053.07
,1-propylpyridinium dicyanamide,1090.06
,1H-imidazolium octanoate,987.0
,"2,4,6-trimethylpyridinium formate",1021.0
,2-(2-aminoethoxy)ethanol acetate,1119.0
,2-(2-hydroxyethoxy)ammonium formate,1133.0
,2-(2-hydroxyethoxy)ammonium lactate,1149.0
,2-(5-chloro-2-((1-propylpyridinium-2-yl)oxy)pyridinium-1-yl)ethyl sulfate tetrafluoroborate,1253.37
,2-ethoxyethyl ethanoate,967.36
,2-hexylisoquinolinium thiocyanate,1081.34
,2-hydroxy ethylammonium butanoate,1075.12
,"2-hydroxy-N,N,N-trimethylethanaminium L-alaninate",1122.56
,2-hydroxy-N-methylethanaminium pentanoate,1009.33
,2-hydroxy-N-methylethanaminium propionate,1065.75
,2-hydroxyethan-1-aminium propionate,1121.1
,2-hydroxyethylammonium lactate,1202.0
,2-methoxyethyl ethanoate,999.76
,2-methyl-1-propylpyridinium bis((trifluoromethyl)sulfonyl)amide,1464.2
,2-octylisoquinolinium thiocyanate,1061.69
,2-pentanaminium formate,1163.0
,2-tetrahydrofurylmethanol,1050.748
,2-trifluoromethyl-3-ethoxydodecafluorohexane,1610.41
,"3,3'-(1,10-decanediyl)bis[1-methylimidazolium] 1,1,1-trifluoro-N-[(trifluoromethyl)sulfonyl]methanesulfonamide",1462.0
,"3,3'-(1,10-decanediyl)bis[1-methylimidazolium] 1,1,2,2,2-pentafluoro-N-[(1,1,2,2,2-pentafluoroethyl)sulfonyl]ethanesulfonamide",1536.0
,"3,3'-(1,10-decanediyl)bis[1-methylimidazolium] tetrafluoroborate",1240.0
,"3,3'-(1,12-dodecanediyl)bis[1-methylimidazolium] 1,1,1-trifluoro-N-[(trifluoromethyl)sulfonyl]methanesulfonamide",1428.0
,"3,3'-(1,12-dodecanediyl)bis[1-methylimidazolium] bis((perfluoroethyl)sulfonyl)amide",1503.0
,"3,3'-(1,5-pentanediyl)bis[1-methylimidazolium] 1,1,1-trifluoro-N-[(trifluoromethyl)sulfonyl]methanesulfonamide",1570.0
,"3,3'-(1,5-pentanediyl)bis[1-methylimidazolium] 1,1,2,2,2-pentafluoro-N-[(1,1,2,2,2-pentafluoroethyl)sulfonyl]ethanesulfonamide",1639.0
,"3,3'-(1,6-hexanediyl)bis[1-methylimidazolium] 1,1,1-trifluoro-N-[(trifluoromethyl)sulfonyl]methanesulfonamide",1546.0
,"3,3'-(1,6-hexanediyl)bis[1-methylimidazolium] 1,1,2,2,2-pentafluoro-N-[(1,1,2,2,2-pentafluoroethyl)sulfonyl]ethanesulfonamide",1615.0
,"3,3'-(1,8-octanediyl)bis[1-methylimidazolium] 1,1,1-trifluoro-N-[(trifluoromethyl)sulfonyl]methanesulfonamide",1500.0
,"3,3'-(1,9-nonanediyl)bis[1-methylimidazolium] 1,1,1-trifluoro-N-[(trifluoromethyl)sulfonyl]methanesulfonamide",1479.0
,"3,3'-(1,9-nonanediyl)bis[1-methylimidazolium] 1,1,2,2,2-pentafluoro-N-[(1,1,2,2,2-pentafluoroethyl)sulfonyl]ethanesulfonamide",1553.0
,"3,3'-(1,9-nonanediyl)bis[1-methylimidazolium] tetrafluoroborate",1255.0
,"3,3-dimethyl-2,4-dioxapentane",840.2
,"3,7-dimethyl-2,6-octadienal (cis+trans)",883.42
,3-(2-azido-3-(1-methyl-1H-imidazol-3-ium-3-yl)propyl)-1-vinyl-1H-imidazol-3-ium di(dicyanamide),1490.0
,3-(2-azido-3-(1-methyl-1H-imidazol-3-ium-3-yl)propyl)-1-vinyl-1H-imidazol-3-ium dibromide,1560.0
,3-(2-hydroxyethyl)-1-methyl-1H-imidazol-3-ium dicyanoazanide,1120.0
,3-butyl-1-ethyl-1H-imidazolium trifluoromethanesulfonate (1:1),1263.13
,3-ethyl-1-methyl-1H-imidazolium hexyl sulfate,1129.3
,3-ethyl-1-methylimidazolium butyl sulfate,1175.65
,3-hexyl-1-methyl-1H-imidazolium bromide,1229.2
,3-methyl-1-octylimidazolium dicyanamide,1000.0
,3-methyl-1-propylpyridinium bis(trifluoromethylsulfonyl)imide,1447.94
,"3-methylnonyl 1,2-benzenedioate",963.2
,"4,4'-bis(N-carbazole)biphenyl",779.0
,4-butyl-4-methylmorpholinium tricyanomethanide,1067.06
,4-O-.beta.-D-galactopyranosyl-D-glucose,997.63
,"5-ethyl-5-phenyl-2,4,6-(1H,3H,5H)pyrmidinetrione",1004.0
,"[1R-(1R*,4E,9S*)]-4,11,11-trimethyl-8-methylene-bicyclo[7.2.0]-4-undecene",896.8
,ammonium chloride (NH4Cl),1381.5
,benzyldimethyldodecylammonium bis(trifluoromethylsulfonyl)imide,1212.86
,"bis-(2,4,4-trimethylpentyl) phosphinic acid",924.7
,cyclohexyl ethanoate,970.3
,di-(3-methylbutyl) ether,770.6
,dibutyl cis-butendioate,990.1
,dicyclopropyldinitromethane,1239.7
,"diethyl 1,3-propanedioate",1055.25
,ethyl orthomethanoate,891.1
,ethyldiisopropylammonium formate,1014.4
,hexane,654.7
,isopropyl (S)-2-hydroxypropionate,986.942
,lithium trifluorotris(perfluoroethyl)phosphate,1340.0
,"methyl (Z,Z)-9,12-octadecadienate",885.2
,"N,N'-di(1-naphthyl)-N,N'-diphenyl benzidine",777.0
,"N,N,N-trioctyl-N-methylammonium dicyanamide",890.0
,N-[(dihexylamino)(dimethylamino)methylene]-N-hexyl-1-hexanaminium chloride,943.0
,"N-ethyl-2-hydroxy-N,N-dimethylethanaminium 1-butanesulfonate",1111.57
,N-ethyl-2-hydroxyethylammonium propionate,1051.9
,"N-ethyl-N,N-dimethyl-1-propanaminium 1,1,1-trifluoro-N-[(trifluoromethyl)sulfonyl]methanesulfonamide",1403.5
,"N-ethyl-N,N-dimethyl-N-butylammonium ethyl sulfate",1208.1
,N-ethyl-N-(1-methylethyl)-1-methylethanamine,742.0
,"N-ethyl-N-(2-hydroxyethyl)-N,N-dimethylammonium ethyl sulfate",1125.66
,N-methyl-2-hydroxyethylammonium butanoate,1035.29
,"pentanoic acid, 1,1'-[oxybis[2,2-bis[[(1-oxopentyl)oxy]methyl]-1,3-propanediyl]] ester",1033.7
,phenyl ethanoate,1073.3
,pyrrolidinium hydrogen sulfate,1342.1
,pyrrolidinium nonanoate,931.5
,"R(-)-2,3-epoxypropyl butanoate",1036.3
,R-(+)-glycidol,1002.684
,S-(-)-glycidol,1002.793
,S-(-)-glycidyl butyrate,1029.7
,sodium dodecylbenzenesulfonate (ILL DEFINED!),1001.2
,tetradecyl(trihexyl)phosphonium tosylate,1003.0
,tetraethylammonium hexafluoroantimonate,1715.0
,tributylmethylammonium bis((trifluoromethyl)sulfonyl)imide,1261.65
,"tricyclo[5.2.1.0(2,6)]decane",931.4
,tricyclopropylmethane,850.0
,triethyl(pentyl)phosphonium bis((trifluoromethyl)sulfonyl)amide,1302.15
,trihexyl(tetradecyl)phosphonium bis[(trifluoromethyl)sulfonyl]imide,1065.5
,trihexyltetradecylphosphonium methanesulfonate,931.8
,triisopentyl phosphate,946.95
,tris(2-hydroxyethyl) methylammonium methylsulfate,1344.13
,zinc(II) phosphinate,1157.0
