SMILES,value
C1C(O1)COCC([N+](=O)[O-])([N+](=O)[O-])F,-511.3
CC(C(C)C(=O)O)C(=O)O,-982.537
CC(C)CC(C(=O)O)N,-640.589
CCCCCCCCCCCCC(CCCCCCCCCCCC)C1=CC=CC=C1,-687.04
CCCCCCCCCCCCCCCCCC(CC)C1=CC=CC=C1,-548.84
C1CCCCC2=CC=C(CC3=CC=C(CCC1)C=C3)C=C2,-81.88
C1=CC(=CC(=C1)Cl)CC(=O)O,-445.356134487
CCOC1=CC=CC(=C1)NC(=O)N,-429.489
COC1=C(C=C(C=C1)CC#N)OC,-206.096300216
C1=CC(=CC=C1CC(=O)O)Cl,-442.797254487
CC(C)C(C)C=CC(C)C1CCC2C1(CCC3C2=CC=C4C3(CCC(C4)O)C)C,-789.78
C(CN(CC(=O)O)CC(=O)O)N(CCN(CC(=O)O)CC(=O)O)CC(=O)O,-2225.213
C1=CC=C(C=C1)C([N+](=O)[O-])[N+](=O)[O-],-33.9
C1=CC=C(C=C1)C=CC2=CC=CC=C2,140.4731
CCCCCCCCC=CCCCCCCCCCCCC(=O)O,-960.69
C1=CC=C(C=C1)N=NC2=CC=CC=C2,320.541
C1=CC=C(C=C1)CN(CC2=CC=CC=C2)CC3=CC=CC=C3,140.655
C1=CC=C(C=C1)CSC2=CC=CC=C2,99.5545688906
C(CC(=O)O)C(C(=O)O)N,-1005.262
CC(C(=O)O)N,-561.225
CC(C(C(=O)O)N)O,-807.185
C(C(C(CO)O)O)O,-910.353
CC1=CCC(CC1)C(C)(C)O,-369.150494768
C(C(C(=O)O)N)O,-732.724739957
CSCCC(C(=O)O)N,-510.277860476
C1=CC=C(C=C1)C(C(=O)O)O,-580.61
CC(C(=O)O)O,-699.6500838
C1=CC(=O)OC1=O,-469.527
CC(=O)OCC1C(C(C(C(O1)OC(=O)C)OC(=O)C)OC(=O)C)OC(=O)C,-2232.6387
C(C1C(C(C(C(O1)O)O)O)O)O,-1274.434
C(C1C(C(C(OC1OC2C(OC(C(C2O)O)O)CO)O)O)O)O,-2484.0989
CC1=CC(=CC(=C1C)C)C(=O)O,-500.9149
COC1C(C(C(C(O1)CO)O)O)O,-1237.47
C1=CC=C(C=C1)C(=O)C#N,39.1356729567
C1CC(C2=CC=CC=C2C1)O,-241.423
C1=COC(=C1)C=CC=O,-182.02
C1=C(OC(=C1)[N+](=O)[O-])C=CC=O,-162.525
C1=CC=C(C=C1)C(=NO)C(=NO)C2=CC=CC=C2,53.111
C(C1C(C(C(C(O1)OC2C(OC(C(C2O)O)O)CO)O)O)O)O,-2236.7198
C1=CC=C(C=C1)C(=O)OC2=CC3=CC=CC=C3C=C2,-184.764
C1=CC=C(C=C1)C=C[N+](=O)[O-],30.495
C1=CC=C(C=C1)C(=O)CC#N,153.06741409
C(C1C(C(C(C(=O)O1)O)O)O)O,-1256.38
C1=CNC=CC1=O,-148.880039143
CC1CCC(=O)NCC1,-362.776
C1=CN=CC=C1C2=CC=NC=C2,186.751144627
C1=CC=C2C(=C1)C=CNC2=O,-146.93972783
CC=CCN1CCCCC1,-55.0712035367
C1=CC=C2C=C(C=CC2=C1)CC3=CC=CC4=CC=CC=C43,161.991118307
C1=CC=C(C(=C1)N2C=CC=C2)[N+](=O)[O-],235.7
C=CCN1CCCCC1,47109.3352998
CC1=CC(=C(C=C1C)C(=O)C)C,-248.950198984
CC(=O)C1=CC(=CC=C1)N,-173.329
CC(=O)C1=CC(=CC=C1)[N+](=O)[O-],-198.5
C1=CN(C=C1)C2=CC=C(C=C2)Cl,107.7
C1=CN(C=C1)C2=CC=C(C=C2)F,-52.7
C1=CN(C=C1)C2=CC=C(C=C2)I,211.428680796
CC1=CC=C(C=C1)N2C=CC=C2,104.0
CC(=O)C1=CC=C(C=C1)[N+](=O)[O-],-196.1
C1=CN(C=C1)C2=CC=C(C=C2)[N+](=O)[O-],205.5
C1=CC=C(C(=C1)N)N2C=CC=C2,125.3
CC(=O)NNC(=N[N+](=O)[O-])N,-193.535
CC(=O)NC(=O)NC,-562.9995744
C1C2CC3CC1CC(C2)(C3)C(=O)N,-426.964581563
CC(=O)C12CC3CC(C1)CC(C3)C2,-382.383158193
C=CCNC1=NNN=N1,265.403
C1=NC=[N+](N1)N.[N+](=O)([O-])[O-],34.6468604763
C1=C(C=C(C(=C1[N+](=O)[O-])N)[N+](=O)[O-])[N+](=O)[O-],-115.8462
C1=C(C=C(C(=C1N)O)[N+](=O)[O-])[N+](=O)[O-],-243.5816
C[N+]1=CN(N=C1)N.[N+](=O)([O-])[O-],-174.67765961
C1CN2CCC1CC2,-55.043
C1=CC(=CC=C1N=[N+]=[N-])[N+](=O)[O-],308.694800346
CC(=O)CC(=O)C1=CC=CC=C1,-335.13638026
C1CN(CCC1O)CC2=CC=CC=C2,-229.522338163
C1=CC=C(C=C1)CN2C=CN=C2,141.88266174
C1=CC=C(C(=C1)[N+](=O)[O-])Br,26.9
C1=CC(=CC=C1[N+](=O)[O-])Br,0.5
CC(=NCCN=C(C)CC(=O)C1=CC=CC=C1)CC(=O)C2=CC=CC=C2,-303.238976093
COC(=O)C12CC3CC(C1)CC(C3)C2,-577.807267206
C1=CC=C(C(=C1)[N+](=O)[O-])Cl,-18.3911435701
C1=CC(=CC(=C1)Cl)[N+](=O)[O-],-42.1186253701
C1=CC(=CC=C1[N+](=O)[O-])Cl,-36.2576537701
C1=CC=C2C(=C1)OC3=C(O2)C(=CC=C3)Cl,-183.135588087
C1=CC=C2C(=C1)C=CC=C2C#N,188.5
C1C2CC3C4C1C5CC(C4)CC3(C5C2)O,-428.818080779
CCOC1=C(C=C(C=C1)[N+](=O)[O-])[N+](=O)[O-],-225.514
CCN1C(=[N+](C=C1[N+](=O)[O-])C)C.[N+](=O)([O-])[O-],-588.47
CC1(CC(=O)CC(N1O)(C)C)C,-378.0993
C1CC(N(C1)O)C(=O)O,-662.341
CCCCS(=O)(=O)C,-535.617640606
COC1=CC=C(C=C1)[N+](=O)[O-],-171.486808606
CC1=C(C=CC(=C1[N+](=O)[O-])[N+](=O)[O-])[N+](=O)[O-],-74.475
C[N+]1=CN=C(N1)N=[N+]=[N-].[N+](=O)([O-])[O-],93.355
CN1C=[N+](C=N1)N.[N+](=O)([O-])[O-],-187.35565961
CC1(CCCC1)O,-351.215233933
CC(C)OC(=O)NC1=CC=CC=C1,-442.077
CN1C2=CC=CC=C2C(=O)C1=O,-108.782951437
CN1C=NN=N1,234.784665773
C1=CC=C(C=C1)C(=O)OCC(CO)O,-777.3518
C1=CC=C2C(=C1)C=CC=C2N,67.659
C1=CC=C2C(=C1)C=CC=C2C(=O)O,-358.736840173
CC(=O)OC1=CC=CC2=CC=CC=C21,-288.2308
CC(=O)C[N+](=O)[O-],-294.725
C1=CC=C2C(=C1)C=CC=C2[N+](=O)[O-],49.9631946567
CCCCCCCCCCCCCCCO,-658.257801299
C1=CC=C(C=C1)N2C(=O)NN=N2,361.903
C1=CC=C(C=C1)N2C=CC=C2,145.6
CCCCCCCCCCCCCO,-599.466761126
C(=C([N+](=O)[O-])[N+](=O)[O-])(N)N,-133.9
CC([N+](=O)[O-])[N+](=O)[O-],-1466.63
C1=CC=C(C=C1)N(C2=CC=CC=C2)C(=O)N,-122.7375
CC(C#N)(C#N)C#N,351.11222283
CC(CCC([N+](=O)[O-])([N+](=O)[O-])[N+](=O)[O-])(N(F)F)N(F)F,-270.470628603
CC([N+](=O)[O-])([N+](=O)[O-])[N+](=O)[O-],-112.4442
CC(C1=CC=CC=C1)(C2=CC=CC=C2)C3=CC=CC=C3,152.89
CC(CO)(CO)CO,-744.567
C1=CC=C(C=C1)CC(C2=CC=CC=C2)(C3=CC=CC=C3)C4=CC=CC=C4,232.23
C(C(F)(F)F)(C(F)(F)F)(O)O,-1622.14
C(C(CC([N+](=O)[O-])([N+](=O)[O-])[N+](=O)[O-])[N+](=O)[O-])C([N+](=O)[O-])([N+](=O)[O-])[N+](=O)[O-],-153.7338
C(CC([N+](=O)[O-])([N+](=O)[O-])[N+](=O)[O-])C[N+](=O)[O-],-189.7386
C(C(=O)C(F)(F)F)C(=O)C(F)(F)F,-1960.01153268
C1=CC=C(C=C1)CC(C2=CC=CC=C2)C3=CC=CC=C3,126.11
CC1=C(CC(C(C1)(C#N)C#N)(C#N)C#N)C,580.321
CC1=CC=C(C=C1)C(C2=CC=C(C=C2)C)C(C3=CC=C(C=C3)C)C4=CC=C(C=C4)C,73.64
C1C(C1(C#N)C#N)(C#N)C#N,591.47886126
C1=CC=C(C=C1)C(C2=CC=CC=C2)C(C3=CC=CC=C3)C4=CC=CC=C4,215.08
C1C2CC3CC1CC(C2)(C3)C(=O)C45CC6CC(C4)CC(C6)C5,-476.693773212
C1=CC=C(C=C1)C2=CC=CC=C2,97.534
C1=CC=C(C(=C1)C2=CC=CC=C2F)F,-298.303335485
C1=CC(=CC=C1CC2=CC=C(C=C2)N=C=O)N=C=O,-66.284
C1=CC=C(C=C1)C(C2=CC=CC=C2)(C3=CC=CC=C3)C4=CC=CC=C4,247.15
C1=CC=C(C=C1)C2=C(C(=CC=C2)C3=CC=CC=C3)O,-14.5987015196
C1OC2=C(O1)C=C(C=C2)[N+](=O)[O-],-273.416491783
C1=CC=C(C(=C1)C(=O)O)C(=O)O,-781.714
C1=CC=C2C(=C1)C(=O)OC2=O,-460.069
C1=CC=C(C(=C1)O)O,-354.200318487
COC1=CC=CC(=C1O)O,-510.117653487
C1=CC=C(C(=C1)C#N)C#N,275.394
C1CCC(C(C1)C(=O)O)C(=O)O,-961.06
C1CC(C(C1)O)O,-485.05
COC1=C(C(=CC=C1)Cl)Cl,-200.731681687
CC1=CC(=C(C=C1)O)O,-393.325711173
C1=CC=C(C(=C1)[N+](=O)[O-])[N+](=O)[O-],-1.83
C(C[N+](=O)[O-])[N+](=O)[O-],-175.738
C1=CC=C(C=C1)CC(=O)C2=CC=CC=C2,-70.9862
C1=CC=C(C=C1)C(=O)C(=O)C2=CC=CC=C2,-178.201
C1=CC(=C(C(=C1)C(=O)O)C(=O)O)C(=O)O,-1160.36543974
C1=CC(=C(C(=C1)O)O)O,-551.1131835
C1=CC(=C(C(=C1)Cl)Cl)Cl,-69.757
C1=CC(=C(C(=C1)[N+](=O)[O-])[N+](=O)[O-])[N+](=O)[O-],5.5
C(C(C(C(CO)O)O)O)O,-1120.15756515
C1=CC(=C(C(=C1Cl)Cl)Cl)Cl,-97.8454799134
C1CC(C2=CC=CC=C2C1)OO,-187.45
C1CCC2=C(C1)C3=CC=CC=C3N2C(=O)N,-1076.836
CN1C2=C(CCCC2)C3=CC=CC=C31,-1.0163085629
C1=C(C=C(C(=C1Cl)Cl)Cl)Cl,-105.785479913
C1CC2=C3C(=CC=C4C3=C(CCC4)C=C2)C1,-44.0435238928
C1=CC(=C(C=C1C(=O)O)C(=O)O)C(=O)O,-1179.15243974
C1=CC2=C(C=C1C(=O)O)C(=O)OC2=O,-877.25
C1=CC(=C(C=C1O)O)O,-563.7116724
CC(C)(C)C1=CC(=C(C=C1)C(C)(C)C)C(C)(C)C,-251.65
C1=CN2C(=NC=N2)N=C1,255.669275173
CCCOC(=O)C1=CC(=C(C=C1C(=O)O)C(=O)OCCC)C(=O)O,-1644.23
C1=C2C(=CC3=C1C(=O)OC3=O)C(=O)OC2=O,-909.043
C1=C(C(=CC(=C1C(=O)O)C(=O)O)C(=O)O)C(=O)O,-1570.83139957
CC1=C(C(=C(C(=C1Cl)Cl)C)Cl)Cl,-175.785747415
C1=C(C(=CC(=C1Cl)Cl)Cl)Cl,-108.825479913
CC1=CC(=C(C=C1C)C)C,-126.844
C1=CC=C2C(=C1)C3=C4C(=CC=C5C4=C(C=C3)C(=O)C6=CC=CC=C65)C2=O,-251.11
C1=CC(=CC(=C1)C#N)C#N,272.54
C1=CC(=CC(=C1)O)O,-367.735285527
CC1=C(C=C(C=C1)O)O,-404.038906873
C1=CC=C2C(=C1)C=NC=N2,180.265294913
CC1=CC(=CC(=C1)C(C)(C)C)C(C)(C)C,-245.838554239
C1=CC=C(C=C1)C(=O)CC(=O)C(F)(F)F,-955.721190426
C1CC(=O)CC(=O)C1,-425.377827373
CC1(CCC(=O)CC1=O)C,-499.647445546
C1NC(=O)N1,-327.115
C1=CN=CN=C1,143.2
C1=CC(=CC(=C1)I)I,187.373604502
CN1C=CC(=O)N(C1=O)C,-244.377839307
COC1=C(C(=CC=C1)OC)O,-480.1
C1=CC(=CC(=C1)[N+](=O)[O-])[N+](=O)[O-],-19.2251
CC1(COC(OC1)C2=CC=CC=C2)C,-397.04
C1=CC=C(C=C1)CC(=O)CC2=CC=CC=C2,-83.982
C1=CC=C(C=C1)C2=C3C=CC=CC3=C(O2)C4=CC=CC=C4,81.0663433804
C1CSCSC1,-66.213500066
C(C(=O)N)C(=O)N,-418.210359394
CC(C)C(CO)(CO)[N+](=O)[O-],-623.225
CC(CO[N+](=O)[O-])(CO[N+](=O)[O-])[N+](=O)[O-],-363.99842246
C1=C(C=C(C=C1C(=O)O)C(=O)O)C(=O)O,-1190.11443974
CC(C)(C)C1=CC(=CC(=C1)C(C)(C)C)C(C)(C)C,-321.94
C1(=C(C(=C(C(=C1[N+](=O)[O-])N=[N+]=[N-])[N+](=O)[O-])N=[N+]=[N-])[N+](=O)[O-])N=[N+]=[N-],1208.63053116
C1(=NC(=NC(=O)N1)N)N,-299.745
C1(=NC(=NC(=N1)N)N)N,-71.666
COC1=NC(=NC(=N1)OC)OC,-291.355539091
C1=C(C=C(C(=C1Cl)[N+](=O)[O-])Cl)Cl,-57.7581856969
C1=C(C=C(C=C1Cl)Cl)Cl,-77.727
C1=C(C=C(C=C1O)O)O,-584.5452096
COC1=CC(=CC(=C1)OC)OC,-471.90986426
CC1=CC(=C(C(=C1)C)[N+](=O)[O-])C,-105.403892217
CC1=C(C(=C(C(=C1[N+](=O)[O-])C)[N+](=O)[O-])C)[N+](=O)[O-],-124.600753476
CC1=C(C(=NN1C)C)N=O,111.926656757
C1N(CN(CN1[N+](=O)[O-])[N+](=O)[O-])[N+](=O)[O-],66.53
C1=C(C=C(C=C1[N+](=O)[O-])[N+](=O)[O-])[N+](=O)[O-],-43.888
C1(=NC(=NC(=N1)NO)NO)NO,285.857
C1OCOCO1,-522.157
C1=CC=C(C=C1)N2C(=O)N(C(=O)N(C2=O)C3=CC=CC=C3)C4=CC=CC=C4,-344.57578013
C1=CC=C(C=C1)C2=CC(=CC(=C2)C3=CC=CC=C3)C4=CC=CC=C4,224.628
C1=C(C=C(C=C1C2=C(C=C(C=C2[N+](=O)[O-])[N+](=O)[O-])[N+](=O)[O-])C3=C(C=C(C=C3[N+](=O)[O-])[N+](=O)[O-])[N+](=O)[O-])C4=C(C=C(C=C4[N+](=O)[O-])[N+](=O)[O-])[N+](=O)[O-],-244.115
C1OCOCOCOCO1,-867.74
C1C(=CC=C(C=C1C2=CC=CC=C2)C3=CC=CC=C3)C4=CC=CC=C4,689.105200866
COC1=C2C(=O)C=CC(=O)C2=CC3=CC=CC=C31,-293.021040173
C1=CC(=CC=C1C(=O)O)C(=O)O,-816.149
COC(=O)C1=CC=C(C=C1)C(=O)O,-779.06288
C1=CC(=CC=C1CO)CO,-393.941
C1=CC(=CC=C1O)O,-362.761
C1=CC=C2C(=C1)N=CC=N2,286.268600433
C1C(OC2=CC=CC=C2O1)C(=O)O,-665.5086623
C1C(OC2=CC=CC=C2O1)CO,-481.126835373
C1=CC(=O)C=CC1=O,-184.334
CC1=C(C(=O)C(=C(C1=O)C)C)C,-361.592080346
C12C3C4C1(C5C2C3(C45)C(=O)O)C(=O)O,-355.880684
C1CC(=O)CCC1=O,-407.650390573
C1=CC(=C(C=C1Br)[N+](=O)[O-])Br,-204.412489483
C1=CC(=C(C=C1Cl)[N+](=O)[O-])Cl,-46.5404347835
C1=CC(=CC=C1Cl)Cl,-39.5931998866
C1=CC(=CC=C1I)I,161.009421299
COC1=CC=C(C=C1)OC,-295.65731806
CN1C(=O)N(N=N1)C,-27.61
CC12COC(OC1)(OC2)C,-634.06
C1=CC(=CC=C1[N+](=O)[O-])[N+](=O)[O-],-38.65
C(CC[N+](=O)[O-])C[N+](=O)[O-],-249.2184
C1CN(CCN1N=O)N=O,93.03
C1COC(=O)C(=O)O1,-697.2
C1C(=O)OCC(=O)O1,-700.3
C1=CC=C(C=C1)C(=O)CCC(=O)C2=CC=CC=C2,-255.573
C1=CC=C(C=C1)CCCCC2=CC=CC=C2,21.9766807794
C1=CC=C2C(=O)C=CC(=O)C2=C1,-183.3701
C1=CC(=C2C(=CC=C(C2=C1[N+](=O)[O-])[N+](=O)[O-])[N+](=O)[O-])[N+](=O)[O-],47.524
C1CCN(CC1)C2CCNCC2,-144.865473093
C1=NC(=[N+](N1)N)N.[N+](=O)([O-])[O-],-89.4738794804
C1=CC2=C(C=CC=C2N)C(=C1)N,42.1
C1=CC2=C(C=CNC2=O)C(=C1)O,-347.863132043
CC1=NN=NN1C,186.196021587
C1=CC2=C(C=CC=C2[N+](=O)[O-])C(=C1)[N+](=O)[O-],38.42794
C1=CC=C(C=C1)C2=NN=NN2C3=CC=CC=C3,415.8898
C(CC(=O)O)CC(=O)O,-959.29
C(CCS)CCS,4.6214171258
C(CCC(=O)O)CC(=O)O,-994.336
C1=CC(=C2C=C3C=C(C=CC3=NC2=C1)N)N,127.204
C(N=[N+]=[N-])N(CN(CN(CN=[N+]=[N-])[N+](=O)[O-])[N+](=O)[O-])[N+](=O)[O-],653.95
C1=NC2=C(N1)C(=O)NC=N2,-110.733
C(CCC(=O)O)CCC(=O)O,-1017.12688157
C1=CC2=C(C(=C1)N)C(=CC=C2)N,65.4
C(CCCCO)CCCO,-626.573640606
C(CCCC(=O)O)CCCC(=O)O,-1054.286
C(CCCCO)CCCCO,-657.574160693
C(CCCCC(=O)O)CCCC(=O)O,-1082.5956
C(CCCCCO)CCCCO,-693.4418
C(CCCCC(=O)O)CCCCC(=O)O,-1099.3992
C(CCCCCC(=O)O)CCCCC(=O)O,-1130.01
C1=NNC(=O)N1,-142.413015983
C1=NC=NN1,108.67628783
C1=CC=C(C=C1)C2=NC3=CC=CC=C3N2C4=CC=CC=C4,296.324
C1=CN=CN1,49.71
CCC1=NC=CN1,-21.2623978732
C1=CC=C2C(=C1)C=CN2,86.6385138135
CCCN1C(=O)C2=CC=CC=C2C1=O,-377.276771616
C1=CNN=C1,105.41
CCOC(=O)C1=C(C=C(N1)C)C,-474.499
CC1=CNC(=C1C(=O)OC)C,-422.34
CCC1=C(C(=CC2=C(C(=C(N2)C)CC)C)N=C1C)C,-27.4
C=CCNC1=NN=NN1CC=C,350.24
C1(=O)NN=NN1,6.2921
C1=NNN=N1,237.0397
C1=CC=C(C=C1)N2C=NN=N2,361.903
CC(C)C1=CC=CC=C1C(=O)O,-460.692767946
CC(=O)OC(C=CC1=CC=C(O1)[N+](=O)[O-])OC(=O)C,-872.344
CC(C)C1=CC=C(C=C1)C(C)(C)O,-343.69
C1=CC=C(C=C1)C2=CC=C(C=C2)C(=O)C3=CC=CC=C3C(=O)O,-351.41
CC(=NO)C=NO,-126.727
C(C(CO)(CO)[N+](=O)[O-])O,-729.28
CC(=O)C1=CC2=CC=CC=C2C=C1,-107.676400544
CC(=O)C1=CC=CN1,-163.24666013
C1C2CC3CC1CC(C2)C3=O,-311.18415702
C1=CC=C(C=C1)C2=CC=CC=C2N,93.7889646103
C1(=NC(=O)NC(=O)N1)N,-1451.19
C1=NC2=C(N1)C(=O)NC(=N2)N,-183.9
C(C(CO)(CO)N)O,-475.769
CC(C)(C(=O)O)N,-594.29110413
CCC(C)C(C(=O)O)N,-637.865
CC1=[N+](NN(N1)N)C.[N+](=O)([O-])[O-],-121.182919654
C1=CC(=NC=C1[N+](=O)[O-])N,-8.9636997835
C1=CC=C(C(=C1)C(=O)O)N,-400.665
C(CS(=O)(=O)O)N,-774.681453816
C1=CC=C(C=C1)NC2=CC3=CC=CC=C3C=C2,159.8459
C1CCCNC(=O)CC1,-347.295
C1=C[NH+]=C(N1)N=[N+]=[N-].[N+](=O)([O-])[O-],478.65
C1=CC=C(C=C1)C(=O)NCC(=O)O,-611.2735
C1=CC2=C(C=C1Cl)SC(=N2)N,-5.4705602598
C1=CC=C2C(=C1)NC(=S)S2,84.8764793505
C1=CC=C(C=C1)C2=CC=CC=C2CO,-107.751007713
C1=CC=C(C(=C1)C(=O)O)Br,-368.370038243
COC1=CC=CC=C1Br,-98.9426429732
C1=CC=C2C=C(C=CC2=C1)Br,94.4842006969
CCOC(=CC(=O)OCC)C,-646.9897
C1=CC(=C(C=C1[N+](=O)[O-])Cl)N,-74.6170102268
C1=CC(=C(C=C1[N+](=O)[O-])Cl)O,-237.747918983
C1=C(C=C(C(=C1[N+](=O)[O-])N)Cl)[N+](=O)[O-],14.0
C1=CC(=C(C=C1[N+](=O)[O-])N)Cl,-70.7687438268
C1=CC=C2C(=C1)OC3=C(O2)C=C(C=C3)Cl,-171.110608087
C1=CC=C(C(=C1)C(=O)O)Cl,-404.679
C1=CC=C2C(=C1)C=CC(=N2)Cl,70.0223702701
C1=CC=NC(=C1)C#N,209.9735984
CCOC(=O)C1=C([N+](=O)C2=CC=CC=C2[N+]1=O)C,-311.0081646
CCC(CO)(CO)[N+](=O)[O-],-607.635
C(C([N+](=O)[O-])([N+](=O)[O-])F)NCC([N+](=O)[O-])([N+](=O)[O-])F,-538.978519004
C(C([N+](=O)[O-])([N+](=O)[O-])F)N(CC([N+](=O)[O-])([N+](=O)[O-])F)N=O,-434.67003112
C(C([N+](=O)[O-])([N+](=O)[O-])F)N(COCC([N+](=O)[O-])([N+](=O)[O-])[N+](=O)[O-])[N+](=O)[O-],-436.4
C1=CC=C(C(=C1)C(=O)O)F,-568.812312914
C1=CNC(=C1)C=NO,12.13
C1=C(OC(=C1)[N+](=O)[O-])C=NNC(=O)N,-223.64
C1=COC(=C1)C(=O)N,-465.865
C1=COC(=C1)C(=O)O,-503.28
C1=COC(=C1)C(=O)NN,-205.508887913
CC(=O)C1=CC=CO1,-283.310212887
CC(=O)OC(C1=CC=CO1)OC(=O)C,-882.14
CCCC=CC(=O)O,-489.51
C1=CC=C(C=C1)C2=CC=CC=C2O,-88.3494004464
C(C(=O)O)C(CC(=O)O)(C(=O)O)O.O,-1838.48928074
C1=CC=C(C=C1)C(C(=O)C2=CC=CC=C2)O,-247.7602
C1=CC=C(C(=O)C=C1)O,-238.92
CC(C)C1=CC(=O)C(=CC=C1)O,-340.584
CC1=CC=CC(=O)N1,-212.26695773
C1=CC=C(C=C1)NC(=O)C2=CC=CC=C2O,-301.837229977
C1=CC=C(C(=C1)C=NO)O,-183.722
C1=CC=C(C(=C1)C(=O)N)O,-402.639456563
C1=CC=C(C(=C1)C(=O)O)O,-589.12
C1=CC=C2C(=C1)[N+](=C3C=CC(=CC3=[N+]2[O-])O)[O-],-76.6799380134
C1=CC=C(C(=C1)C(=O)O)I,-301.941637208
C1=CC=C2C=C(C=CC2=C1)I,145.125600431
C1=CC=C(C(=C1)O)I,-95.3425776374
COC1=C(C=CC(=C1)[N+](=O)[O-])O,-376.93879107
COC1=C(C=C(C=C1)[N+](=O)[O-])O,-374.09730627
COC1=CC=CC=C1C=O,-266.39
COC1=CC=CC=C1C(=O)O,-538.592197287
COC1=CC2=CC=CC=C2C=C1,-98.2753003464
CC(C)(C)S(=O)(=O)C,-555.737640606
CC(C)(CO)[N+](=O)[O-],-410.125
CC(CO)(CO)[N+](=O)[O-],-579.995
CC(C)(C)N=O,-104.695
CC1(OCCO1)C2=CC=CC=C2,-343.78
CC(C)(C)O,-369.78
CC1=C(C=CC=N1)O,-173.60290733
CC1=CC(=O)C=CN1,-184.64666093
CC1=C(C=C(C=C1)[N+](=O)[O-])N,-91.287
CC1=NC2=C(C=CC=C2[N+](=O)[O-])C=C1,55.4446288
CC1=NC2=C(C=CC=C2O)C=C1,-129.807799017
CC1=CC=CC=C1C(=O)O,-416.388
CC1=CC=CC=C1C(=O)OC(=O)C2=CC=CC=C2C,-533.558
CC1=CC2=CC=CC=C2C=C1,34.988
CC(=C)C(=O)N,-247.08986193
CC(C)C(=O)N,-368.579931216
CC1=CN=C(C=N1)C(=O)O,-314.433383313
CCOC(=O)C1=C(NC=C1)C,-411.043
CC1=C[N+](=O)C2=CC=CC=C2N1[O-],62.86531
C1=CC=C(C=C1)C(=O)OC(CO)CO,-772.833
C1=CC=C2C=C(C=CC2=C1)N,62.639
C1=CC=C(C=C1)NC2=CC3=CC=CC=C3C=C2C(=O)O,-263.663
CC(=O)OC1=CC2=CC=CC=C2C=C1,-304.2555
C1=CC=C2C=C(C=CC2=C1)C#N,184.6
C1=CC=C(C(=C1)N)[N+](=O)[O-],-26.16
C1=CC=C(C(=C1)C(=O)O)[N+](=O)[O-],-398.505
C1=COC(=C1)[N+](=O)[O-],-104.085
C1CC2CC1CC2=O,-222.916917546
C1COC(=O)N1,-408.8
C1=CC=C2C(=C1)C=CC(=O)N2,-144.92198993
C(CC(=O)O)C(=O)C(=O)O,-1026.171
C1=CC=C(C=C1)CC(=O)N,-223.866371736
C1=CC=C(C=C1)C2=NC3=CC=CC=C3N2,135.15548524
C1=CC=C(C=C1)C2=CC=CC=C2C(=O)O,-349.113
C1=CC=C(C=C1)C2=CC=CN2,139.206
C1=CC=C(C=C1)C2=NC3=CC=CC=C3C=C2,181.78547761
C1CCNC(C1)CO,-328.17988519
CC(C)(C)N=CC1=CC=C(C=C1)[N+](=O)[O-],1423.34390895
COC(=O)C=CC1=CC=CC=C1,-302.22843506
C1=CN=C(C=N1)C(=O)O,-271.161245927
C1=CC=NC(=C1)N,39.3892071134
C1=CC=NC(=C1)C=NO,78.56
C1=CC=NC(=C1)C(=O)N,-156.34004454
C1=CC(=O)N(C=C1)O,-198.748719957
C1=CNC(=C1)C=O,-106.455
C1=CNC(=C1)C(=O)O,-387.129879957
C1CC(=O)NC1,-285.375
C1=CC=C2C(=C1)C=CC(=N2)C#N,246.605009913
C1=CSC(=C1)C(=O)N,-171.331162603
C1=CSC(=C1)CC(=O)N,-197.45719799
C1=CSC(=C1)C(=O)NN,-64.0710322598
C1=CNC(=C1)C(=O)C(Cl)(Cl)Cl,-192.9
CC(C)(C1=CC=C(C=C1)O)C2=CC=C(C=C2)O,-368.557
CC(C)(C1=CC=C(C=C1)OC#N)C2=CC=C(C=C2)OC#N,108.47
C(C(CO)(CO)CO)O,-920.588
C1=CC=C(C=C1)CC(C#N)(C#N)C#N,444.505
CCC(CC)(CC(=O)O)C(=O)O,-1032.671
CCC1(CC(=O)OC1=O)CC,-688.767
CC(C)(C)CO,-364.224003154
CC(C)(C[N+](=O)[O-])C[N+](=O)[O-],118.409
CC(C)(CC(=O)O)C(=O)O,-987.767
CC(C)(C)C(=O)O,-567.93171376
CC1(CC(=O)OC1=O)C,-867.2
CC(C)([N+](=O)[O-])[N+](=O)[O-],-187.73
C1COC(O1)(C2=CC=CC=C2)C3=CC=CC=C3,-207.962922933
C(C([N+](=O)[O-])([N+](=O)[O-])[N+](=O)[O-])O,-248.297746864
C(C([N+](=O)[O-])([N+](=O)[O-])[N+](=O)[O-])N(CC([N+](=O)[O-])([N+](=O)[O-])[N+](=O)[O-])N=O,49.23
C(C([N+](=O)[O-])([N+](=O)[O-])[N+](=O)[O-])NCC([N+](=O)[O-])([N+](=O)[O-])[N+](=O)[O-],-33.435
CC(C)(C)C(C)(C)C,-268.6306
C(C(C(C(C(CO)(F)F)(F)F)(F)F)(F)F)O,-2184.1816
CC(C)C(C(C)(C)C)(C(C)(C)C)O,-477.418326764
CC(C)(C)C(C(C)(C)C)(C(C)(C)C)O,-473.376801126
CC1(CC(=O)CC(N1)(C)C)C,-334.2092
C1=CC=NC(=C1)C2=CC=CC=N2,186.126392627
C1=CC=C2C(=C1)C=CC(=N2)C3=NC4=CC=CC=C4C=C3,251.343362054
C1=CSC(=C1)C2=CC=CS2,161.776768821
C1=CC=C(C(=C1)C2=CC=CC=C2Cl)Cl,38.3375435802
C1=CC=C(C(=C1)C2=CC=CC=C2O)O,-293.98434726
C1=CC=NC(=C1)C2=NC(=CC=C2)C3=CC=CC=N3,297.597597184
C1=C(C=C(C(=C1[N+](=O)[O-])C2=C(C(=C(C=C2[N+](=O)[O-])[N+](=O)[O-])C3=C(C=C(C(=C3[N+](=O)[O-])C4=C(C=C(C=C4[N+](=O)[O-])[N+](=O)[O-])[N+](=O)[O-])[N+](=O)[O-])[N+](=O)[O-])[N+](=O)[O-])[N+](=O)[O-])[N+](=O)[O-],213.08
C1=CC(=C(C=C1[N+](=O)[O-])[N+](=O)[O-])C(=O)C2=C(C=C(C=C2[N+](=O)[O-])[N+](=O)[O-])[N+](=O)[O-],-114.443
C1=C(C=C(C(=C1[N+](=O)[O-])N=NC2=C(C=C(C=C2[N+](=O)[O-])[N+](=O)[O-])[N+](=O)[O-])[N+](=O)[O-])[N+](=O)[O-],255.602567239
C1=C(C=C(C(=C1[N+](=O)[O-])C2=C(C=C(C=C2[N+](=O)[O-])[N+](=O)[O-])[N+](=O)[O-])[N+](=O)[O-])[N+](=O)[O-],68.434
C1=C(C=C(C(=C1[N+](=O)[O-])C2=CC(=C(C=C2[N+](=O)[O-])[N+](=O)[O-])C3=C(C=C(C=C3[N+](=O)[O-])[N+](=O)[O-])[N+](=O)[O-])[N+](=O)[O-])[N+](=O)[O-],94.702
C1=CC(=C(C(=C1)Cl)Cl)N,-47.6172019433
C1=CC=C2C(=C1)OC3=CC(=C(C=C3O2)Cl)Cl,-219.945764
C1=CC(=C(C(=C1)Cl)Cl)O,-222.6049378
C1=CC(=C(N=C1)Cl)Cl,16.5573296433
C1=CC=C2C(=C1)N=C(C(=N2)Cl)Cl,111.684793687
C1=CC=C2C(=C1)C(=O)NNC2=O,-247.197307513
C1COC2=CC=CC=C2C1=O,-289.116619873
C1C(OC2=CC=CC=C2C1=O)C3=CC=CC=C3,-105.3
C1=CC(=C(C(=C1)O)O)C(=O)O,-783.113908513
CCCCCCCCCCCCCCCCCC(=O)OCC(CO)O,-1337.371
C1=CNC(=O)C(=C1)O,-373.009069957
COC1=CC=CC(=C1OC)C(=O)O,-686.900520087
CC1=C(C(=CC=C1)C(=O)O)C,-450.4301
CC1=C(NC2=CC=CC=C12)C,4.2049512803
CC1=C(C(=CC=C1)O)C,-241.2253
CC1=C([N+](=O)C=CN1[O-])C,-22.6641236
CC1=C([N+](=O)C2=CC=CC=C2N1[O-])C,25.1078167134
C1=CC(=C(C(=C1)O)[N+](=O)[O-])[N+](=O)[O-],868.176021333
C1CC2CC1C3C2O3,-96.79
C1=CC=C2C(=C1)C(=O)C(=O)N2,-268.185
C1=CN=C(C(=N1)C#N)C#N,429.65473326
C1=CC(=C(N=C1)C(=O)O)C(=O)O,-733.163611783
C1=CC=C2C(=C1)NC(=O)C(=O)N2,-335.486893513
C1=CC(=C(C(=C1N)Cl)Cl)Cl,-63.4691199567
CC1=C(C(=C(C=C1)C(=O)O)C)C,-486.6474
C1(=C(C(=C(C(=C1F)F)F)F)F)N,-879.488463162
CC1=CC(=C(C(=C1C)C)C(=O)O)C,-507.6769
C1=C(C(=C(C(=C1[N+](=O)[O-])[N+](=O)[O-])[N+](=O)[O-])N)[N+](=O)[O-],-49.1344
CC1=CC(=C(C(=C1)C(=O)O)C)C,-488.6976
CC1=C[N+](=O)C(=C(N1[O-])C)C,-532.14980042
C1=C(C(=C(C(=C1Cl)Cl)[N+](=O)[O-])Cl)Cl,-65.7064725103
C1COCCOC2=CC=CC=C2OCCOCCO1,-708.702600433
C1=C2C(=CC(=C1Cl)Cl)N=C(C(=N2)Cl)Cl,36.8452318598
CCC1=C(C2=CC3=NC(=CC4=NC(=CC5=C(C(=C(N5)C=C1N2)CC)CC)C(=C4CC)CC)C(=C3CC)CC)CC,-183.2
C1=C(C(=O)NC(=O)N1)N,-441.4
C1=CC(=C(C=C1Br)Br)N,31.5069407567
C1=CC(=C(C=C1Cl)Cl)N,-51.9429490433
C1=CC(=C(C=C1Cl)Cl)[N+](=O)[O-],-46.7900282835
C1=CC(=C(C=C1Cl)Cl)O,-225.7507799
C1=CN=C(N=C1Cl)Cl,49.6540129732
CC1=CNC(=O)NC1=O,-462.809479913
C1=CC(=C(C=C1O)O)C(=O)O,-798.063645513
COC1=CC(=C(C=C1)C(=O)O)OC,-712.100520087
CC1=C(C(=C(C=C1[N+](=O)[O-])[N+](=O)[O-])C)[N+](=O)[O-],-83.1307
CC1=CC(=C(C=C1)C(=O)O)C,-458.5052
CCOC(=O)C1=C(NC=C1C)C,-463.202
C1=CC=C2C(=C1)C(=CC(=C2O)[N+](=O)[O-])[N+](=O)[O-],-181.404
CC1=C(C(=C(C=C1)[N+](=O)[O-])C)[N+](=O)[O-],-85.643
C1=CC(=C(C=C1[N+](=O)[O-])[N+](=O)[O-])N,-67.9289
COC1=C(C=C(C=C1)[N+](=O)[O-])[N+](=O)[O-],-186.661
C1=CC(=C(C=C1[N+](=O)[O-])[N+](=O)[O-])O,-235.797
C1=CC(=C(C(=C1[N+](=O)[O-])O)[N+](=O)[O-])O,-415.626
CC1=C(C=C(C=C1)[N+](=O)[O-])[N+](=O)[O-],-71.81
CC#CC#CC,297.748999674
CC1C(=O)NC(=O)N1,-486.598
CC(=O)CC(=O)C(F)(F)F,-1043.21577303
CC(=C(C(=O)C)N=NC1=NNN=N1)O,14.36
C1=C(C(=O)NC(=O)N1)[N+](=O)[O-],-423.0
C1=C(C(=CC(=C1F)F)F)N,-549.409312354
CC1=CC(=C(C=C1C)C(=O)O)C,-495.6849
C1(=C(N=C(N=C1Cl)Cl)Cl)Cl,4.9405359464
C1C(=O)NC(=O)NC1=O,-634.61
CC(C)(C)C1=CC(=C(C(=C1)C(C)(C)C)N=O)C(C)(C)C,-208.332952283
C1=C(C=C(C(=C1Br)N)Br)Br,59.8
C1=C(C=C(C(=C1Br)O)Br)Br,-96.9
C1=C(C=C(C(=C1F)N)F)F,-554.55781969
CC(C)C1=CC(=C(C(=C1)C(C)C)C(=O)C2=CC=CC=C2)C(C)C,-304.526761126
COC1=CC(=C(C(=C1)OC)C#N)OC,-357.11004673
CC1=CC(=C(C(=C1)C)C(=O)O)C,-477.861
CC1=CC(=C(C(=C1)C)C#N)C,23.5645531103
CC1=CC(=C(C(=C1)C)C#[N+][O-])C,55.9384708969
C1=C(C(=C(C(=C1[N+](=O)[O-])O)[N+](=O)[O-])O)[N+](=O)[O-],-531.265
CC1=C(C(=C(C=C1[N+](=O)[O-])[N+](=O)[O-])O)[N+](=O)[O-],-255.247
COC1=C(C=C(C=C1[N+](=O)[O-])[N+](=O)[O-])[N+](=O)[O-],-159.015
CCC1=C(C=C(C=C1[N+](=O)[O-])[N+](=O)[O-])[N+](=O)[O-],-73.227
CCOC1=C(C=C(C=C1[N+](=O)[O-])[N+](=O)[O-])[N+](=O)[O-],-204.396
C1=C(C=C(C(=C1[N+](=O)[O-])O)[N+](=O)[O-])[N+](=O)[O-],-224.9251
C1=C(C=C(N=C1[N+](=O)[O-])[N+](=O)[O-])[N+](=O)[O-],34.22
C1=C(C=C([N+](=C1[N+](=O)[O-])[O-])[N+](=O)[O-])[N+](=O)[O-],102.22
CC1=C(C=C(C=C1[N+](=O)[O-])[N+](=O)[O-])[N+](=O)[O-],-80.523
C1=CC=C(C=C1)OC2=NC(=NC(=N2)OC3=CC=CC=C3)OC4=CC=CC=C4,-118.57578013
C1=CC=C(C=C1)C2=NC(=NC(=N2)C3=CC=CC=C3)C4=CC=CC=C4,279.139853476
C1=CC=C(C=C1)C2=CC(=NC(=C2)C3=CC=CC=C3)C4=CC=CC=C4,276.715
CC(C)(C)C1=CC(=C(C(=C1)C(C)(C)C)O)C(C)(C)C,-475.053681612
C1=C(C=C(C(=C1[N+](=O)[O-])C2=NC(=NC(=N2)C3=C(C=C(C=C3[N+](=O)[O-])[N+](=O)[O-])[N+](=O)[O-])C4=C(C=C(C=C4[N+](=O)[O-])[N+](=O)[O-])[N+](=O)[O-])[N+](=O)[O-])[N+](=O)[O-],296.404130338
CC12CC3(SC(S1)(CC(S2)(S3)C)C)C,-153.376179632
C12C3N(C4C(N3[N+](=O)[O-])N(C(N1[N+](=O)[O-])C(N2[N+](=O)[O-])N4[N+](=O)[O-])[N+](=O)[O-])[N+](=O)[O-],509.486
C1C2CC3CC1OC(O2)O3,3603418.75896
C1=CC=NC(=C1)C2=CC=NC=C2,196.309850227
C1=CC(=C(C#N)C#N)C=CC1=C(C#N)C#N,665.577744493
C1=CC(=C(C=C1Br)N)Br,37.4788605567
C1=CC(=NC=C1Br)Br,113.158579043
C1=C(C(=CC(=C1Cl)[N+](=O)[O-])Cl)N,-84.9899447402
C1=CC(=C(C=C1Cl)N)Cl,-61.0642809433
C1=CC(=C(C=C1Cl)O)Cl,-231.2111794
C1=CC(=NC=C1Cl)Cl,4.8812342433
C1C=CCS1(=O)=O,-318.676080346
CC1=CC(=C(O1)C)C(=O)O,-600.4
CC1=CC(=C(C=C1)C)C(=O)O,-456.1622
CC1=CC(=C(C=C1)C)O,-246.6226
CC1=CN(C(=C[N+]1=O)C)[O-],-23.2246916
C1=CC(=C(C=C1[N+](=O)[O-])O)[N+](=O)[O-],853.723621833
C1=CC=C(C=C1)C2=NN(N=N2)C3=CC=CC=C3,395.3045
C1=CC=C(C=C1)C2C(C(=O)OC2=O)C3=CC=CC=C3,-419.8996
C1=CC=C(C=C1)CC2C(=O)NC(C(=O)N2)CC3=CC=CC=C3,-287.6322
C1=C(SC(=C1)C(=O)O)C(=O)O,-772.610314287
C1(=NC2=NC(=N)N=C3N2C(=NC(=N3)N)N1)N,15.68
CC1=CC(=C(C(=C1)C(C)(C)C)O)C(C)(C)C,-405.134808953
CC(C)(C)C1=C(C(=CC=C1)C(C)(C)C)O,-353.402688166
C1=CC(=C(C(=C1)Br)N)Br,34.5430848567
C1=C(C=C(C(=C1Cl)N)Cl)[N+](=O)[O-],-106.68459274
C1=CC(=C(C(=C1)Cl)N)Cl,-53.4172673433
C1=CC(=C(C(=C1)Cl)O)Cl,-221.4150597
C1=C(N=C(C=N1)Cl)Cl,75.1434643732
C1=CC(=NC(=C1)Cl)Cl,-0.0466995566994
CC1=C(C=CC=C1O)O,-396.094010873
COC1=C(C(=CC=C1)OC)C(=O)O,-693.800520087
CC1=CC(=O)C=C(O1)C,-348.3
CC1=C(C(=CC=C1)C)O,-237.376
CC1=CC2=C(C=C1)N=C(C=C2)C,36.4265156103
C1=CC(=C(C(=C1)[N+](=O)[O-])O)[N+](=O)[O-],-209.898
CC1=C(C=CC=C1[N+](=O)[O-])[N+](=O)[O-],-56.6784047402
C1=CC2=C(C=CC(=C2)C(=O)O)C=C1C(=O)O,-770.2918016
C1=CC(=NC(=C1)C(=O)O)C(=O)O,-745.146115783
CC(C)CCCC(C)CCCC(C)CCCCC(C)CCCC(C)CCCC(C)C,-865.386122685
CC1=CC2=CC=CC=C2C=C(C1=O)C,-80.563
CC1=CC2=C(C=C1)C=CC(=N2)C,34.3827076103
C1C(=O)NC2=CC=CC=C2S1,-147.89092239
CC1CCCCC(=O)N1,-361.103
C1CC(=O)OC(=O)C1,-618.56279
C1=CC=C(C=C1)N2N=C(N=N2)C(=O)O,-41.314
CCN1C(=NN=N1)N=NC2=NN=NN2CC,655.29
C1C(=O)NC(C(=O)N1)CC2=CC=C(C=C2)O,-512.342
C1=CC(=CC=C1CC(C(=O)O)N)O,-685.1002
C1=NNC(=N1)N,76.809
C1(=NNC(=N1)[N+](=O)[O-])N,60.945
CC1=CC(=NN1C2=NN=C(N=N2)N)C,465.0
C1=CC=C2C(=C1)C=C3C=CC(=CC3=N2)N,166.356
C1=CC(=CC(=C1)N)C(=O)O,-417.335260043
C(CN)C(=O)O,-310.315260043
C1=NNC(=[NH+]1)N=[N+]=[N-].[N+](=O)([O-])[O-],218.645
CC1=CC(=NN1C2=NN=C(N=N2)N=[N+]=[N-])C,858.0
C1C(=O)NC(C(=O)N1)CC2=CC=CC=C2,-345.4
C1=CC(=CC(=C1)Br)C(=O)O,-394.703527243
C1=CC(=CC(=C1)Cl)C(=O)O,-422.789
C(#N)C1=[N+](ON=C1C2=NC(=NO2)C#N)[O-],554.074680779
C1=CC(=CC(=C1)C(=O)O)C#N,-270.080893757
C1=CC(=CN=C1)C#N,193.439
CCC1=C(NC(=C1C)C)C,-89.215
CCC1=CC(=CC=C1)C(=O)O,-446.27336466
C1=CC(=CC(=C1)F)C(=O)O,-583.291632001
CC(C)C1=CC2=C(C=C1)OC=C(C2=O)C=O,-415.38604226
CC1=CC2=C(C=C1)OC=C(C2=O)C=O,-355.019304687
C1=CC=C2C(=C1)C(=O)C(=CO2)C=O,-339.8123755
C1=COC=C1C=CC(=O)O,-460.5579504
C1=CC=C2C=C(C(=CC2=C1)C(=O)O)O,-547.78
CC1=NC=C(C=C1)O,-165.95303453
COC1=C(C=C(C=C1)C=O)O,-453.42
C1=CC(=CC(=C1)O)C=O,-313.8
C1=CC(=CC(=C1)O)C(=O)O,3017972.4364
C1=CC=C2C(=C1)C=C(C(=O)O2)O,-459.6131616
C1=CC(=CC(=C1)I)C(=O)O,-316.262281405
CC(C)C1C(=O)NCC(=O)N1,-502.909
COC1=CC=CC(=C1[N+](=O)[O-])C(=O)O,-551.441449983
COC1=C(C=CC(=C1)C(=O)O)[N+](=O)[O-],-582.767949383
CC(=CC(=O)O)C,-474.97
CC1=NC2=CC=CC=C2N=C1C(=O)N,-88.4226684433
CC1=C([N+](=O)C2=CC=CC=C2N1[O-])C(=O)N,-146.93869987
CC1=C(SC=C1)C(=O)O,-393.837732746
CN1CC(=O)OC1=O,-599.115
CC1=C(C=C[N+](=C1)[O-])[N+](=O)[O-],-19.4057473268
CC1=CC(=CC=C1)NC2=CC=CC=C2,48.901
CC1=CC(=CC=C1)C(=O)O,-426.137
CC1=C(C(=CC=C1)O)O,-392.531221573
CN(C)C1=CC(=CC=C1)[N+](=O)[O-],-20.0805200866
C1=CC(=CC(=C1)[N+](=O)[O-])N,-38.29
C1=CC(=CC(=C1)[N+](=O)[O-])C(=O)O,-413.985
C1=CC(=CC(=C1)[N+](=O)[O-])C#N,116.511439673
C1=CC=C(C=C1)C2=CC(=CC=C2)[N+](=O)[O-],65.139
C1=CC(=CC(=C1)O)[N+](=O)[O-],-205.62391387
C1=CC=C(C=C1)C=CC(=O)O,-340.244
C1=CC=C(C=C1)C=CC(=O)OC(=O)C=CC2=CC=CC=C2,-347.798
C1C(OC(=NC2=CC=CC=C2)N1C3=CC=CC=C3)CC4=CC=CC=C4,-74.82
C1C(OC(=O)N1C2=CC=CC=C2)COC3=CC=CC=C3,-417.485
C1=CC=C(C=C1)CCC(=O)O,-439.05774821
CCC1=C(C2=NC1=CC3=C(C4=C(CC(=C5C(C(C(=CC6=NC(=C2)C(=C6C)C=C)N5)C)CCC(=O)OC)C4=N3)O)C)C,-374.92
C1=C(C=C(C(=C1[N+](=O)[O-])NC2=NC=NN2)[N+](=O)[O-])[N+](=O)[O-],151.475
C1CC(CNC1)CO,-323.64195079
C1=CC(=CN=C1)N,61.1490575134
C1=CC(=CN=C1)C(=O)N,-150.04317642
C1=CC(=CN=C1)C(=O)O,-344.965
COC(=O)C1=CN=CC=C1,-294.226382043
C1=CC(=C[N+](=C1)[O-])C(=O)O,-377.45258587
C1=CC(=CN=C1)O,-132.028141943
C1=CC(=C[N+](=C1)[O-])O,-171.429229957
C1=CC=C2C(=C1)C=C(C=N2)C#N,242.365279913
C1C(C[NH2+]1)([N+](=O)[O-])[N+](=O)[O-].C1=C(N=C([N-]1)[N+](=O)[O-])[N+](=O)[O-],-75.31
C1=CSC=C1C2=CSC=C2,155.026775221
C(CSSCCC(=O)O)C(=O)O,-966.018
C1=CC(=C(C=C1CC2=CC(=C(C=C2)N)O)O)N,-377.413681016
C1=CC(=C(C=C1[N+](=O)[O-])Cl)Cl,-65.5095407835
C1=CC(=C(C=C1N)Cl)Cl,-48.6054812433
C1=CC(=C(C=C1O)Cl)Cl,-230.8362863
C(#N)C1=NON=C1C#N,449.422600433
C(#N)C1=NO[N+](=C1C#N)[O-],458.09712052
COC1=CC=CC2=C1CCCC2=O,-342.711284846
C1(=C(C(=O)C1=O)O)O,-598.23977014
C1=CC(=C(C=C1C(=O)O)O)O,-788.461907213
CC1=C(C=C(C=C1)C(=O)O)C,-468.7978
CC1=C(C=C(C=C1)C(=O)C2=CC=CC=C2)C,-124.89504372
CC1=C(C=C(C=C1)O)C,-242.3131
C1OC2=C(O1)C=C(C=C2)C(=O)O,-648.301581113
C1OC2=C(O1)C=C(C=C2)C#N,-114.105200457
C1(=NN=C(N1N)N)N,106.99
C1=C(C=C(C(=C1Cl)Cl)Cl)N,-66.9267279567
C1=C(C=C(C(=C1F)F)F)N,-537.979626068
C1=C(C=C(C(=C1O)O)O)C(=O)O,-1012.54
COC1=CC(=CC(=C1OC)OC)C(=O)O,-854.18
COC1=CC(=CC(=C1OC)OC)O,-643.403509073
CC(C)(C)C1=CC(=C(C(=C1)C(C)(C)C)O)C=O,-544.2
CC(C)(C)C1=CC(=CC(=C1)C(=O)O)C(C)(C)C,-625.338574179
CC(C)(C)C1=CC(=CC(=C1)O)C(C)(C)C,-410.287593466
C1=C(C=C(C=C1Cl)Cl)N,-57.1273650433
COC1=CC(=CC(=C1)Cl)Cl,-204.342971287
C1=C(C=C(C=C1Cl)Cl)[N+](=O)[O-],-69.9638247835
C1=C(C=C(C=C1Cl)Cl)O,-230.2820965
C1=C(C=NC=C1Cl)Cl,15.3882402433
C1=C(C=C(C=C1F)F)N,-378.471265278
C1=C(C=C(C=C1O)O)C(=O)O,-786.797400413
CC1=CC(=CC(=C1)O)O,-404.001665173
COC1=CC(=CC(=C1)C(=O)O)OC,-724.000520087
COC1=CC(=CC(=C1)O)OC,-500.5
CC1=C(C(=NN1C2=CC=CC=C2)C)N=O,209.77223547
CC1=C(C(=NN1)C)N=O,111.287076143
CC1=CC(=CC(=C1)C(=O)O)C,-466.4548
C1=C(C=C(C=C1[N+](=O)[O-])[N+](=O)[O-])C(=O)O,-432.58
CC1=CC(=NN1C2=NN=C(N=N2)N3C(=CC(=N3)C)C)C,615.0
CCC(CC)(C#CC(CC)(CC)O)O,-481.631680779
CC1C(=O)OC(C(=O)O1)C,-1077.71
C1N2CN(CN1CN(C2)N=O)N=O,220.284
CC1=CC2=C(C=C1)C3=CC4=C(C=C(C=C4)C)C=C3C=C2,76.178
C1(=O)NC(=NN1)[N+](=O)[O-],-129.40929278
C1C2=CC=CC=C2COC1=O,-333.757529173
C1=CC=C(C=C1)C2=C(C(=CC=C2)C3=CC=CC=C3)C4=CC=CC=C4,242.6
CC(=O)C1=CC(=C(C=C1)Cl)Cl,-227.0
CC(C)C1=CC(=C2C(=C1)C(C2(C3=CC=CC=C3)O)(C)C)C(C)C,-218.226761126
CC(=O)C=CC1=CC=CO1,-240.059664173
CC(=O)C1=CC=C(C=C1)N,293.605
C1=NN=CN1N,224.364383513
C1=[N+](C=NN1)N.[N+](=O)([O-])[O-],-109.784139524
C1=C(NC(=O)N=C1)N,-235.43421987
C1=CC(=CC=C1C(=O)O)N,-413.215
C1=CC=C(C=C1)C2=CC=C(C=C2)N,80.976
CC1=NC2=CC=CC=C2C(=C1)N,34.3197621402
C1=CC=C(C=C1)CC2C(=O)OC(=O)N2,-551.573
C1=CC=C(C=C1)CSC2=CC=C(C=C2)C#N,215.537444761
C1=CC(=CC=C1C(=O)O)Br,-379.586898443
COC1=CC=C(C=C1)Br,-104.104836573
C1=CC(=CC=C1O)Br,-5949.83102854
C1=CC(=CC=C1N)Br,33.0699323701
CCCCOC1=CC=C(C=C1)C(=O)O,-647.1
C1=CN=CC=C1C(=O)O,-348.730534957
C1=C(C=C(C(=C1[N+](=O)[O-])N)[N+](=O)[O-])Cl,28.3
C1=CC(=C(C=C1N)[N+](=O)[O-])Cl,-46.2468310268
C1=CC(=C(C=C1O)[N+](=O)[O-])Cl,-219.594379783
C1=CC(=CC=C1N)Cl,-18.2174464299
C1=CC(=CC=C1C(=O)O)Cl,-429.544283845
C1=CC=C2C(=C1)C(=CC=N2)Cl,85.9246790701
C1=CC(=CC=C1C#N)C(=O)O,-269.816054357
C1=CN=CC=C1C#N,210.3379904
CCOC1=CC=C(C=C1)C(=O)O,-605.5
CCC1=CC=C(C=C1)C(=O)O,-461.09583456
C1=CC(=CC=C1C(=O)O)F,-587.92378111
CC1=CC(=O)C2=CC=CC=C2N1,-162.298069817
C1=CC(=CC=C1C=O)O,-320.3
C1=CC=C2C(=C1)C(=CC(=O)O2)O,-479.9298048
C1=CC=C2C(=C1)C(=O)C=CN2,-114.32205113
C1=CC(=CC=C1C(=O)O)I,-315.743920713
C1=CC(=CC=C1O)I,-103.053909561
COC1=CC(=C(C=C1)O)[N+](=O)[O-],-364.25359107
COC1=C(C=C(C=C1)C(=O)O)[N+](=O)[O-],-577.543580383
COC1=CC=C(C=C1)O,-324.1
CCCC12OCC(CO1)(CO2)C,-670.43
CC1=CC(=O)NC2=CC=CC=C12,-189.137166617
CC12COC(OC1)OC2,-574.21
CC1=C(C=C(C=C1)N)[N+](=O)[O-],-71.706
CCOC(=O)C1=C(NC(=C1C)C(=O)OCC)CO,-1057.679
CC1=CC=C(C=C1)N,-19.1348023031
CC1=CC=C(C=C1)C(=O)O,-429.233
CC1=CC=C(C=C1)C(=O)OC(=O)C2=CC=C(C=C2)C,-521.006
CC1=CC=C(C=C1)C(=O)C2=CC=CC=C2,-77.848
CC1(CCC2=CC=CC=C2N1)C,5.6507454701
CCCCCCCCOC1=CC=C(C=C1)C(=O)O,-767.9
CN(C)C1=CC=C(C=C1)[N+](=O)[O-],-35.3605200866
C1=CC(=CC=C1N)[N+](=O)[O-],-41.471
C1=CC(=CC=C1C(=O)O)[N+](=O)[O-],-426.955
C1=CC=C(C=C1)C2=CC=C(C=C2)[N+](=O)[O-],40.454
C1=CC(=C(C=C1[N+](=O)[O-])O)O,-410.998497883
C1=CC(=CC=C1[N+](=O)[O-])O,-226.7285
C1=CC(=CC=C1N=O)O,-70.2657640567
CC1=CC=C(C=C1)[N+](=O)[O-],-48.118
CC(=O)CCC(=O)O,-683.758271287
C1=CC=C(C=C1)C2=CC=NC=C2,158.680699697
C1CNCCC1CO,-327.60400519
C1=CN=CC=C1N,41.8644842134
C1=CN=CC=C1C(=O)N,-150.16286088
CC(C)(C)C1=CC=C(C=C1)C2=CC=C(C=C2)C(C)(C)C,-141.767414726
C1=CC(=CC=C1C2=CC=C(C=C2)Cl)Cl,17.6714918122
CCOC1=CC=C(C=C1)N=[N+](C2=CC=C(C=C2)OCC)[O-],-163.619177746
C1=CC(=CC=C1C2=CC=C(C=C2)F)F,-299.027399499
COC1=CC=C(C=C1)N=[N+](C2=CC=C(C=C2)OC)[O-],-101.378065173
C1=CC(=CC=C1NNC2=CC=C(C=C2)[N+](=O)[O-])[N+](=O)[O-],109.668
C1=C(C(=CC(=C1Cl)Cl)[N+](=O)[O-])N,-99.0666247402
C1CO[N+](=C1[N+](=O)[O-])[O-],-50.98
CC1=C(OC2=CC3=CC=CC=C3C2=C1C)C,-137.538
CC(C)(C)C1=CC(=C(C(=C1)O)O)C(C)(C)C,-570.518873579
C1=C(N=CN=C1Cl)Cl,50.0711401732
CC1=CC(=C(C=C1[N+](=O)[O-])[N+](=O)[O-])C,-101.961
C1=C(C(=CC(=C1[N+](=O)[O-])O)O)[N+](=O)[O-],-439.6
C1=CC2=C(C=CN=C2C=C1Cl)Cl,50.4425095567
CCC1=C(C(=O)C=CO1)O,-512.3
CC(=O)C1=CC=C(C=C1)OC,-323.692309211
C1=CC(C(C(C1O)O)O)O,-836.31
CC(=O)NC1=NNN=N1,-7.577
CC(=O)C1=CC=C(S1)C(=O)O,-548.04084746
CN1C(=NN=N1)N,193.511
C1=CC=C(C=C1)N2C(=NN=N2)N,310.994
CN1N=C(N=N1)N,210.833
C1=CC2=C(C=CC(=C2N)[N+](=O)[O-])N=C1,59.9599137299
C1=CC2=C(C=C1N)C=NN2,146.977047557
C1CNC2=C1C=C(C=C2)Br,54.8935769835
C1=CC(=C(C=C1Cl)N)[N+](=O)[O-],-67.8178310268
C1=CC2=[N+](ON=C2C=C1Cl)[O-],193.74940906
C(#N)C1=NNN=N1,402.0
C1=CC(C(C(C1O[N+](=O)[O-])O[N+](=O)[O-])O[N+](=O)[O-])O[N+](=O)[O-],-387.66
C=CC1=NNN=N1,289.948886743
CCOC(=O)C1=C(NC(=C1C)C=O)C,-645.838
C1CC2=C(C=CC=C2O)C(=O)C1,-380.90583386
C1=CC2=C(C=CN=C2)C(=C1)O,-86.8575899299
COC1=CC2=NON=C2C=C1,57.9255125866
COC1=CC2=NO[N+](=C2C=C1)[O-],52.3317641732
COC1=NNN=N1,69.068
CC1=NNN=N1,184.436364173
CC1=CC=C(S1)C(=O)O,-395.970312746
CC1=NNC(=[NH+]1)N=[N+]=[N-].[N+](=O)([O-])[O-],156.385
CCC1(C(=O)NC(=O)N1)C,-566.103
CC(=O)OC(C1(C=CC(O1)[N+](=O)[O-])OC(=O)C)OC(=O)C,-1374.068
C1=C(OC(=C1)[N+](=O)[O-])C=O,-226.895
C1=C(OC(=C1)[N+](=O)[O-])C(=O)O,-1947.095
C1=CC2=C(C=CC(=C2N=C1)O)[N+](=O)[O-],-115.701892627
C1(=NNN=N1)N[N+](=O)[O-],252.018
CC(=O)OC(C1=CC=C(O1)[N+](=O)[O-])OC(=O)C,-897.795
C1=CC2=C(C=CN2)C=C1[N+](=O)[O-],26.5085164866
C1CNC2=C1C=C(C=C2)[N+](=O)[O-],-16.8485188
C1=CC2=C(C=CC=N2)C(=C1)[N+](=O)[O-],109.196922987
C1CCNC(=O)C1,-305.735
C1=CC=C(C=C1)C2=NNN=N2,292.658
CCC1(C(=O)NC(=O)NC1=O)CC,-752.927396587
CC1(C(=O)NC(=O)N1)C,-533.275
C1(=NNN=N1)C2=NNN=N2,531.759971768
C1(=NNN=N1)NNC2=NNN=N2,-1818.58
C1=CC2=C(C(=C(C=C2Br)Br)O)N=C1,-35.1433662567
C1=CC2=C(C(=C(C=C2Cl)Cl)O)N=C1,-157.577943957
C1=CC2=C(C(=C(C=C2I)I)O)N=C1,93.6011927787
C1=C(C=C(C2=C1N=NN2C3=C(C=C(C=C3[N+](=O)[O-])[N+](=O)[O-])[N+](=O)[O-])[N+](=O)[O-])[N+](=O)[O-],421.982
C1=CC=C(C=C1)C2=C3C=CC(=C(C4=NC(=C(C5=CC=C(N5)C(=C6C=CC2=N6)C7=CC=CC=C7)C8=CC=CC=C8)C=C4)C9=CC=CC=C9)N3,621.443059847
C1=CC=C2C=C3C(=CC2=C1)C(=O)C4=CC=CC=C4C3=O,-142.7819
CN1C(=CC(=O)NC1=O)N,-471.9
CN1C(=CC(=O)N(C1=O)C)N,-460.7
C1=NC(=C2C(=N1)N(C=N2)C3C(C(C(O3)CO)O)O)N,-653.583683183
C1=NC2=NC=NC(=C2N1)N,96.009
C1CCC(=O)NCC1,-328.195
C1=CC2=C(C=C1N)NN=C2,141.184848557
C1=C(NC(=O)NC1=O)N,-478.3
C1=CC2=C(C=CC(=C2)Cl)N=C1,85.6792730701
C1CC2=C(C=CC(=C2)O)C(=O)C1,-385.59306706
COC1=CC2=C(C=C1)C(=O)CCC2,-347.751033846
CC1=CC(=O)OC2=C1C=C(C=C2)OC,-488.0
CC1=CC(=O)NC(=O)N1,-473.3
C1=CC2=C(C=CC(=C2)[N+](=O)[O-])N=C1,88.4023383866
C1COCCOC2=CC=CC=C2OCCOCCOCCOC3=CC=CC=C3OCCO1,-1209.27416069
C1=CC=C2C=C3C(=CC2=C1)C(=O)C4=CC5=CC=CC=C5C=C4C3=O,-72.87
C(CCCN)CCC(=O)O,-667.434
C1=CC2=C(C(=C(C=C2Cl)Br)O)N=C1,-124.766419757
CC1=CC(=O)OC2=C1C=CC(=C2)O,-540.8
COC1=CC2=C(CCCC2=O)C=C1,-345.424995846
C1CC2CCC1C2=O,-181.310996346
C12=C(NC(=O)N1)NC(=O)NC2=O,-618.838
C1=CC=C2C(=C1)C3=NC2=NC4=CC(=CC=C4)N=C5C6=CC=CC=C6C(=N5)NC7=CC=CC(=C7)N3,627.5
C1=CC=C2C(=C1)C3=CC=CC4=C3C(=CC=C4)C2=O,-4.1238263464
C1=CC2=C(C(=C1)O)N=CC=C2,-87.29
C1=CC2=C(C(=C1)[N+](=O)[O-])N=CC=C2,100.158070887
C1=CC=C2C(=C1)C3=CC=CC=C3C2=O,-7.7778698598
C1CCCC=CCCCCCCCC(=O)CCC1,-484.07
C1=CC=C2C(=C1)C(C3=CC=CC=C32)CO,-92.362600433
C1=CC=C2C(=C1)C=C3C(=O)C=CC(=O)C3=C2O,-379.420520087
CN1C2=CC=CC=C2C3=CC=CC=C31,105.461976544
C1C2=CC=CC=C2OC3=CC=CC=C31,-63.764
C1=CC=C2C(=C1)C(C3=CC=CC=C32)C4C5=CC=CC=C5C6=CC=CC=C46,198.479027221
C1=CC=C2C(=C1)C=C3C=CC=CC3=C2C4=C5C=CC=CC5=CC6=CC=CC=C64,326.196
C1=CC=C2C(=C1)C=C(C3=CC=CC=C23)C4=CC5=CC=CC=C5C6=CC=CC=C64,212.768
C1=CC=C2C(=C1)C(=O)C3=CC=CC=C3C2=O,-207.5101
C1=CC=C2C(=C1)N=C3C=CC=CC3=N2,237.003291827
C1=CC=C2C(=C1)C3=CC=CC=C3C(=O)C2=O,-230.8986
C1=CC=C2C(=C1)C(=O)C3=CC=CC=C3O2,-191.526000465
C1CC2=CC=CC=C2C(=O)C3=CC=CC=C31,-48.887220433
C1CC2=CC=CC=C2CC3=CC=CC=C31,57.8
C1=CC=C2C3C4C(C(C2=C1)C5=CC=CC=C35)C(=O)OC4=O,-418.15494236
C1(C(C(C2C(C1O)O2)O)O)O,-906.18
C12C(O1)C(C(C(C2O[N+](=O)[O-])O[N+](=O)[O-])O[N+](=O)[O-])O[N+](=O)[O-],-444.14
C1CC2=CC=CC3=C2C1=CC=C3,70.338
CC1=CC(=C(C=C1)NC(=O)C)C,-289.98166959
CC(=O)CC(=O)N(C1=CC=CC=C1)C2=CC=CC=C2,-227.948
C12C(NC(=O)N1)NC(=O)N2,-492.79
C1C2CC3CC1CC(C2)(C3)C#N,-88.3550877629
C(CCC(=O)NN)CC(=O)NN,-493.07
CC1C(=O)NC(C(=O)N1)CC2=CC=CC=C2,-372.036
CC(C(=O)NC(CC1=CC=CC=C1)C(=O)O)N,-710.166
C1(C(=O)NC(=O)N1)NC(=O)N,-717.554
C1(=O)C(=O)NC(=O)NC1=O,-714.918
CC1=CC=C(C=C1)S(=O)(=O)CC=C,-298.860440606
C(C1C(C(C(C(O1)OC2C(C(C(C(O2)CO)O)O)O)O)O)O)O,-2240.92398715
C(C(=O)O)N,-528.5221
C(=NN)(N)N.[N+](=O)(O)[O-],-278.738
C(N)S(=O)(=O)O,-727.48656363
C1=C(C=C(C=C1[N+](=O)[O-])[N+](=O)[O-])C(=O)[O-].[NH4+],-574.985073924
[NH4+].[N-]=[N+]=[N-],114.154646173
[NH4+].[N+](=O)([O-])[O-],-365.431
C1=C(C=C(C(=C1[N+](=O)[O-])[O-])[N+](=O)[O-])[N+](=O)[O-].[NH4+],-395.353839307
C1=CC=C(C(=C1)N)I,87.9062722298
C1=C(C(=CC(=C1Cl)Cl)Cl)N,-60.5026494567
CC(C)(C)C1=CC(=C(C(=C1)C(C)(C)C)N)C(C)(C)C,-286.794832956
C1=C(C=C(C(=C1Cl)N)Cl)Cl,-79.4212659567
C1=CC=C2C(=C1)C=C3C=CC=CC3=C2[N+](=O)[O-],111.64409667
C1=CC=C(C=C1)C2=C3C=CC=CC3=C(C4=CC=CC=C42)C5=CC=CC=C5,308.675
C1=CC=C2C3C4=CC=CC=C4C(C2=C1)OO3,82.88
C1C2=CC=CC=C2C(=O)C3=CC=CC=C31,-85.0843896464
C(CC(C(=O)O)N)CN=C(N)N,-623.508
CC1CCC2C(C(=O)OC3C24C1CCC(O3)(OO4)C)C,-1492.81312052
CC1CCC2C(C(OC3C24C1CCC(O3)(OO4)C)OC(=O)CCC(=O)O)C,-3320.12312052
C(=O)(N)N=NC(=O)N,-292.513
C1=CC=C2C(=C1)C=CC3=C2C(=O)C4=CC=CC=C4C3=O,-231.8593
C1=CC=C2C(=C1)C=C3C2=CC4=CC=CC=C4O3,70.319
CC(=O)OC(C1=CC=CC=C1)OC(=O)C,-773.094353044
C1=C(C=C(C(=C1[N+](=O)[O-])C=O)[N+](=O)[O-])[N+](=O)[O-],-132.7355
C1=CC=C(C=C1)C(=O)N,-202.592
C1=CC=C(C=C1)N=CC2=CC=C(C=C2)[N+](=O)[O-],137.405264913
C1=CC=C(C=C1)C(=NC2=CC=CC=C2)C3=CC=CC=C3,252.385577037
CC(=CC1=CC=CC=C1)[N+](=O)[O-],-15.388
C1=CC=C(C=C1)CC([N+](=O)[O-])([N+](=O)[O-])[N+](=O)[O-],-7.995
C1=CC=C(C=C1)C(C(C2=CC=CC=C2)(F)F)(F)F,-790.8
C1=CC=C(C=C1)C(CCC(C2=CC=CC=C2)C3=CC=CC=C3)C4=CC=CC=C4,163.229
CC(C)(C)C1=CC(=C(C=C1)O)O,-473.989894433
COC1=C(C(=CC=C1)OC)OC,-436.95956666
CC(C)(C1=CC=CC=C1)OOC(=O)C2=CC=CC=C2,-231.536
C1=CC=C(C(=C1)S(=O)(=O)N)Cl,-317.395300216
C1=CC=C2C(=C1)NC=N2,79.4794799134
C1=CC=C2C(=C1)C3=CC=CC=C3N=N2,279.424725827
C1=CC=C2C=C3C4=CC=CC5=C4C(=CC=C5)C3=CC2=C1,172.40566424
C1=CC2=NON=C2C=C1,235.625676887
C1=CC2=[N+](ON=C2C(=C1)[N+](=O)[O-])[O-],202.527891176
C1=CC2=NO[N+](=C2C=C1)[O-],218.918903173
C1=CC=C(C=C1)C(=O)O,-385.192
C1=CC(=C(C=C1O)C(=O)O)O,-786.427510013
C1=CC(=C(C(=C1)O)C(=O)O)O,-784.886300013
C1=CC=C(C(=C1)C#N)C(=O)O,-265.210791457
C1=CC=C(C=C1)C(=O)OC(=O)C2=CC=CC=C2,-430.915
COC1=CC(=C(C(=C1)OC)C#[N+][O-])OC,-320.096828343
C1=CC(=CC=C1C#N)[N+](=O)[O-],121.947480373
C1=CC=C(C=C1)C(=O)C2=CC=CC=C2,-32.3422
COC(C1=CC=CC=C1)(C2=CC=CC=C2)OC,-270.13173722
C1=CC2=C(C=C1Cl)SC(=N2)Cl,63.6456997835
C1=CC2=NNN=C2C=C1,249.976
C1=CC=C2C(=C1)N=CO2,-24.1790134433
C1CCC(CC1)OC(=O)OOC(=O)C2=CC=CC=C2,513.644
C1=CC=C(C=C1)C(=O)OOC(=O)C2=CC=CC=C2,-392.004
C1=CC=C(C=C1)C(=O)OOC(=O)OC2=CC=CC=C2,-484.8884
C1=CC=C2C(=C1)C(=O)NC(=O)N2,-399.373205513
C1=CC=C(C=C1)C(=O)C(=O)O,-487.2481849
CC(C)(C(C1=CC=CC=C1)O)[N+](=O)[O-],-316.976
C1=CC=C(C=C1)CSCC2=CC=CC=C2,99.524094954
C1=CC=C(C=C1)CN(C2=CC=CC=C2)C3=CC=CC=C3,184.725
CC1CCC2C(C(OC3C24C1CCC(O3)(OO4)C)OC)C,-2419.75416069
C(C1C(C(C(O1)(CO)O)O)O)O,-1265.605
C1CC2C=CC1C(C2(C#N)C#N)(C#N)C#N,687.431
C(C([N+](=O)[O-])([N+](=O)[O-])F)OC(=O)C(=O)OCC([N+](=O)[O-])([N+](=O)[O-])F,-1216.33380602
CC(CNCC(C)([N+](=O)[O-])[N+](=O)[O-])([N+](=O)[O-])[N+](=O)[O-],-265.435
C(N(CO)C(=O)N)O,-717.027
CC1=CC=CC=C1OOC2=CC=CC=C2C,286.516
C(=O)(N)NNC(=O)N,-498.68
C(=O)(N)NC(=O)N,-593.295
CCCC(=O)N,-363.578501138
CC(C)(C(C)([N+](=O)[O-])[N+](=O)[O-])[N+](=O)[O-],-331.554
CC(C(C)([N+](=O)[O-])[N+](=O)[O-])([N+](=O)[O-])[N+](=O)[O-],6.027
CC(C)(C(C)(C)[N+](=O)[O-])[N+](=O)[O-],-347.730870808
C(CC#N)C#N,139.67527801
C(CC(=O)O)C(=O)O,-940.06
C1CC(=O)OC1=O,-601.804
CCC(CC)(C(=O)O)C(CC)(CC)C(=O)O,-1096.4543
CC(C(=O)O)C(C)(C)C(=O)O,-1000.763
CCCCOC(=O)NC1=CC=CC=C1,-395.493
C(=O)(N)NN,-225.685
C1=CC=C2C(=C1)C(=O)NC(=O)O2,-411.320648237
CC1=C(C(=C(C=C1)C(C)C)O)O,-475.718582433
CCN(C1=CC=CC=C1)C(=O)N(C)C2=CC=CC=C2,-126.58
CC(C)CCCC(C)C1CCC2C1(CCC3C2CC=C4C3(CCC(C4)OC)C)C,-651.84
C1C(C1C(=O)O)C2=CC=CC=C2,-317.31
C(=CC(=O)O)C(=O)O,-789.456
COC1=CC=CC=C1C=CC(=O)O,-505.569454373
CC1C(C(=O)OC1=O)C,-657.963
C1=CC=C(C=C1)C=CC2=CC=C(C=C2)[N+](=O)[O-],132.011
C1=CC(=CC=C1C=CC2=CC=C(C=C2)[N+](=O)[O-])[N+](=O)[O-],74.094
C(C(=CC(=O)O)C(=O)O)C(=O)O,-1224.46
CCC1C(C(=O)OC1=O)CC,-693.369
CN(CC(=O)O)C(=N)N,-537.193
CN1CC(=O)N=C1N,-238.476
C(#N)N,58.8013
C1(=O)NC(=O)NC(=O)N1,-660.344
C1C(=O)CC1=O,-259.97
C1CCCCCC(=O)CCCCC1,-431.3286
C1C(=O)NCC(=O)N1,-446.53
C1CCCCCCCCC(=O)CCCCCCC1,-536.01
C1CCCCCCCCCCCCCCC1,-403.415
C1CCC(=NO)CC1,-155.523200303
C1CCCCCCCC(=O)CCCCCC1,-491.944
C1CCCCCCCCCCCCCCCCCCCCCCCCCCCCC1,-895.73
C(C(C(=O)O)N)SSCC(C(=O)O)N,-1050.184
C(C(C(C(C=O)O)O)O)O,-1057.9133067
C(C(C(C(C(CO)O)O)O)O)O,-1337.089
C(C1C(C(C(C(O1)OC2C(C(C(C(O2)CO)O)O)O)O)O)O)O.O.O,-2832.59825165
C1C(C(C(C(O1)O)O)O)O,-1050.2897053
CC(C)C(C(=O)O)N,-612.865379016
C(C1C(C(C(=O)O1)O)O)O,-996.527
C(C(C(C(C(C(=O)O)O)O)O)O)O,-1610.116
C(C(C1C(C(C(=O)O1)O)O)O)O,-1232.35947991
C1(C(C(=O)OC1C(C(=O)O)O)O)O,-1437.48
C(C(C(C1C(C(C(=O)O1)O)O)O)O)O,-1487.697
C1CC(NC1)C(=O)O,-525.72578013
C1(C(C(=O)OC1C(C(=O)O)O)O)O.O,-1435.81
C1=C(C(=C(C(=C1[N+](=O)[O-])N)[N+](=O)[O-])N)[N+](=O)[O-],153.155
CCCCCCCCCC(=O)OC(CO)CO,-1095.7479
CCCCCCCCCC(=O)OCC(CO)O,-6917.86214282
CC(=NO)C(=NO)C,-177.881
C(CC(=O)[O-])C(=O)[O-].[NH4+].[NH4+],-1182.73527875
[C],1.8989
C1=CC=C(C=C1)NN=NC2=CC=CC=C2,331.5974
C1=CC=C2C(=C1)OC3=CC=CC=C3O2,-148.74
C1COC2=CC=CC=C2OCCOCCOC3=CC=CC=C3OCCO1,-879.85312052
C1=CC=C2C(=C1)C3=CC=CC=C3O2,-29.1394477598
C1=CC2=C3C4=C1C=CC5=C4C6=C(C=C5)C=CC(=C36)C=C2,342.396199567
C1=CC2=C3C4=C1C=CC5=C4C6=C(C=C5)C=CC7=C6C3=C(C=C2)C=C7,146.55863948
C1=CC=C2C(=C1)C3=CC=CC=C3S2,119.995562594
C1=CC=C(C=C1)C(=O)CC(=O)C2=CC=CC=C2,-222.2008
C1=CC=C(C=C1)C=CC(=O)OOC(=O)C=CC2=CC=CC=C2,-356.166
C(#N)N=C(N)N,24.927
C1CCC(CC1)OC(=O)OC2CCCCC2,-3819.699
C(CO[N+](=O)[O-])N(CCO[N+](=O)[O-])[N+](=O)[O-],-317.040839307
CCOC(=O)C1=CC(=C(C=C1C(=O)O)C(=O)OCC)C(=O)O,-1589.75
CCN(C1=CC=CC=C1)C(=O)N(CC)C2=CC=CC=C2,-105.1
C1=COC(=C1)C=CC(=O)C=CC2=CC=CO2,-200.824142033
CCC1(C(=O)OC(=O)C1(CC)CC)CC,-799.4112
CC1(C(=O)OC(=O)C1(C)C)C,-712.825
C(C=CCC#N)C#N,145.888983753
COC(=O)C1=CC(=CC=C1)C(=O)OC,-731.344303887
COC(=O)C1=CC=C(C=C1)C(=O)OC,-733.053140687
COC(=O)C1=NC(=CC=C1)C(=O)OC,-675.473815757
COC(=O)C(=O)OC,-756.309479913
COC(=O)C12C3C4C1C5C2C3C45C(=O)OC,29.346930146
COC(=O)C1=CC(=C(C=C1C(=O)O)C(=O)OC)C(=O)O,-1475.47
CS(=O)(=O)C,-449.676080346
CN(C)[N+](=O)[O-],-70.91
CN(C1=CC=CC=C1)C(=O)N(C)C2=CC=CC=C2,-73.167
CC(C)(C#N)C#N,135.182
C1=C(C(=C(C(=C1[N+](=O)[O-])N)[N+](=O)[O-])C2=C(C(=C(C=C2[N+](=O)[O-])[N+](=O)[O-])N)[N+](=O)[O-])[N+](=O)[O-],-14.89
C(C(CO[N+](=O)[O-])(CO[N+](=O)[O-])CO[N+](=O)[O-])OCC(CO[N+](=O)[O-])(CO[N+](=O)[O-])CO[N+](=O)[O-],-971.054858528
C1=CC=C(C=C1)OC(=O)OC2=CC=CC=C2,-401.1618
C1=CC=C(C=C1)SSC2=CC=CC=C2,148.996900087
C1=CC=C(C=C1)OC2=CC=CC=C2,-37.609
C1=CC=C(C=C1)NC2=CC=CC=C2,130.5144
C1=CC=C(C=C1)C2=C(C2=O)C3=CC=CC=C3,411.1104
C1=CC=C(C=C1)C(C2=CC=CC=C2)O,-104.7882
C1=CC=C(C=C1)P(=O)(C2=CC=CC=C2)O,519.653
C1=C(C=C(C(=C1[N+](=O)[O-])NC2=C(C=C(C=C2[N+](=O)[O-])[N+](=O)[O-])[N+](=O)[O-])[N+](=O)[O-])[N+](=O)[O-],76.26055
C(C(C(=O)O)N)S,-534.119
C(C(C(=O)O)N)C(=O)O,-973.312
C(C(C(C(C(=O)CO)O)O)O)O,-1271.463
CC(CC(=O)O)C(=O)O,-958.202
C1(C(C(C(C(C1(F)F)(F)F)(F)F)(F)F)(F)F)(F)F,-2404.88
CCCCCCCCCCCC(=O)OC(CO)CO,-1152.5763
CCCCCCCCCCCC(=O)OCC(CO)O,-1160.9025
CCCCCCCCCCCCCCCCCCCCCCCCCCCCCCCC,-967.89
CCOC1=CC=C(C=C1)NC(=O)N,-468.819
CCCCCCCCCCCCCCCCCCCC(=O)O,-1011.955
CC(=O)N,-316.984371323
C(=O)(C(=O)O)O,-819.341
CC(=S)N,-78.689
C1=CC(=C(C=C1[N+](=O)[O-])[N+](=O)[O-])OCCO,-398.728451101
CCN(CC)CCO,-309.488
CCC1=C(C2=CC3=C(C(=C(N3)C=C4C(=C(C(=N4)C=C5C(=C(C(=N5)C=C1N2)C)CC)C)CC)C)CC)C,-25.2
CCC(C)(C)C(CC)(C#N)C#N,-14.9852
CCOC(=O)C1=CC=C(C=C1)N,-417.952
CCOC(=O)C1=CC(=C(N1)C)C,-449.395
CCOC(=O)N(C1=CC=CC=C1)C2=CC=CC=C2,-280.871
CCCCCCCCCCCCCCCCCC(=O)OCC,-941.392079559
CCC(CC(=O)O)C(=O)O,-989.189
C1COC(=O)O1,-580.879
C(CN)N.[N+](=O)(O)[O-].[N+](=O)(O)[O-],-654.622399567
C(CN(CC(=O)O)CC(=O)O)N(CC(=O)O)CC(=O)O,-1759.504
C(CN[N+](=O)[O-])N[N+](=O)[O-],-104.6
CCC1=C(C(=O)NC1=O)C,-469.765
C1=COC(=C1)C=CC(=O)O,-459.0
C1CC(=O)NC(=O)C1,-487.606308043
C(C(=O)NCC(=O)NCC(=O)NCC(=O)NCC(=O)NCC(=O)O)N,-1650.08
CC(C(=O)NC(CC1=CC=CC=C1)C(=O)O)NC(=O)CN,-926.792
C(=NO)C=NO,-90.51
C(=N)(N)N,-55.5924219535
C(=N)(N)N.[N+](=O)(O)[O-],-404.995
C1=C(C=C(C=C1[N+](=O)[O-])[N+](=O)[O-])C(=O)[O-].C(=[NH2+])(N)N,-588.971185517
C1=C(C=C(C(=C1[N+](=O)[O-])[O-])[N+](=O)[O-])[N+](=O)[O-].C(=[NH2+])(N)N,-391.935046741
C1=CC=C2C3C4C5=CC=CC=C5C(C(C2=C1)C6=CC=CC=C36)C7=CC=CC=C47,307.6
C1(=C(C(=C(C(=C1Cl)Cl)Cl)Cl)Cl)Cl,-127.22189896
C1(C(C(C(C(C1Cl)Cl)Cl)Cl)Cl)Cl,-396.564
CCCCCCCCCCCCCCCC(=O)OC(CO)CO,-1268.744
CCCCCCCCCCCCCCCC(=O)OCC(CO)O,-1281.505
COC(=O)C1=C(C(=C(C(=C1C(=O)OC)C(=O)OC)C(=O)OC)C(=O)OC)C(=O)OC,-2111.45158774
C(C1=C(C(=C(C(=C1CO[N+](=O)[O-])CO[N+](=O)[O-])CO[N+](=O)[O-])CO[N+](=O)[O-])CO[N+](=O)[O-])O[N+](=O)[O-],-595.707788041
CCCCCC(=O)N,-411.174834937
C(C([N+](=O)[O-])([N+](=O)[O-])[N+](=O)[O-])([N+](=O)[O-])([N+](=O)[O-])[N+](=O)[O-],119.66
C1(=C(C(=C(C(=C1N=O)N=O)N=O)N=O)N=O)N=O,479.398703239
C1=CC=C(C=C1)N=C2N(C(=NC3=CC=CC=C3)N(C(=NC4=CC=CC=C4)N2C5=CC=CC=C5)C6=CC=CC=C6)C7=CC=CC=C7,621.66
C1=CC=C(C=C1)N(C2=CC=CC=C2)C3=NC(=NC(=N3)N(C4=CC=CC=C4)C5=CC=CC=C5)N(C6=CC=CC=C6)C7=CC=CC=C7,460.66
C1N(CN(CN(CN1[N+](=O)[O-])[N+](=O)[O-])[N+](=O)[O-])[N+](=O)[O-],56.8622410392
C1=C(C=C(C(=C1[N+](=O)[O-])C=CC2=C(C=C(C=C2[N+](=O)[O-])[N+](=O)[O-])[N+](=O)[O-])[N+](=O)[O-])[N+](=O)[O-],57.902
C1=CC(=C(C=C1[N+](=O)[O-])[N+](=O)[O-])NN,49.949
C1=C(C=C(C(=C1[N+](=O)[O-])NN)[N+](=O)[O-])[N+](=O)[O-],36.633
NN.[N+](=O)(O)[O-],-307.270214177
NNN=[N+]=[N-],246.8
C1CCC(CC1)(OO)OOC2(CCCCC2)OO,-749.25
C(C(C(=O)O)NC(CC(=O)O)C(=O)O)C(=O)O,-1750.1831797
C1=CC=C(C=C1)C2=CC=C3C4=CC=CC=C4C=C3O2,127.986
C1=NC2=C(C(=O)N1)N=CN2C3C(C(C(O3)CO)O)O,-847.91262384
OI(=O)(O)(O)(O)O,-781.99
C1=CC=C2C(=C1)C(=O)OC(=O)N2,-417.911181037
C1=CC(=NC=C1C(=O)O)C(=O)O,-744.243667783
C1=CC=C2C(=C1)C(=O)NC2=O,-318.060965057
C1=C[N+](=CC=C1C#N)[O-],162.790366487
C1=C[N+](=CC=C1C(=O)O)[O-],-381.16682287
CN=C=S,1895626.151
CC(C)CC(=O)N,-393.328927373
CC1=NOC(=C1)C2=CC=CC=C2,18.288
C1=CC=C(C=C1)C2=CC(=NO2)C3=CC=CC=C3,144.767
CC1=CC(=NO1)C2=CC=CC=C2,13.686
C1=CC=C2C(=C1)C(=CN2)CC(C(=O)O)N,-415.273
C1=CC(=C(C=C1CC(C(=O)O)N)O)O,-935.742581043
C1=C(NC=N1)CC(C(=O)O)N,-466.575611957
C(C(C1C(=C(C(=O)O1)O)O)O)O,-1164.61406367
C(C(C(=O)O)N)C(=O)N,-789.456
C(C(C(=O)O)N)C(=O)N.O,-1085.52947991
C1=CC=C(C=C1)CC(C(=O)O)N,-466.905
[N-]=[N+]=N[Pb]N=[N+]=[N-],477.0
C1=CC(=CC(=C1)C(F)(F)F)C(=O)O,506.27995799
COC1=CC(=CC=C1)Br,-103.955207773
C1=CC(=CC(=C1)Br)[N+](=O)[O-],7.1
C1=CC(=CC(=C1)I)O,-94.238130098
C1=CC(=CC(=C1)C(=O)O)C(=O)O,-803.011
C(=CC#N)C#N,268.238
C1(=C(C(=C(C(=C1C(=O)O)C(=O)O)C(=O)O)C(=O)O)C(=O)O)C(=O)O,-2298.75231922
C1=CC(=C(C(=C1C(=O)O)C(=O)O)C(=O)O)C(=O)O,-1548.57239957
CCC(C(CC)C(=O)O)C(=O)O,-1019.24
C1=CC(=CC(=C1)S(=O)(=O)O)N,-606.287763816
CCC1=C(NC(=C1C)C(=O)C2=C(C(=C(N2)C)CC)C)C,-253.758
CC(C)C(C)(C)C(C)(C#N)C#N,17.2734
CCCCCCCCC=CCCCCCCCCCCCC(=O)OC,-839.988292932
CN(C)C1=CC=C(C=C1)C(=O)OC,-358.811987807
COC(=O)C1=CC=C(O1)[N+](=O)[O-],-471.095
CCCCCCCCCCCCCCCCCCCCCC(=O)OC,-1024.69472172
CCCCCCCCCCCCCCCCCCCC(=O)OC,-983.553858413
COC(=O)C1=CC(=CC=C1)I,-277.530614297
CCCCCCCCCCCCCCCCCC(=O)OC,-900.933382672
COC(=O)C1=CC=C(C=C1)I,-285.973751561
C[N+]1=CC=C(C=C1)C2=CC=[N+](C=C2)C.[Cl-].[Cl-],-161.282672146
C=C(CC(=O)O)C(=O)O,-841.113
C(N[N+](=O)[O-])N[N+](=O)[O-],-58.8734330404
CC(=CC(=O)O)C(=O)O,-824.419
CC1CC(=O)OC1=O,-619.988
CNC(=O)N,-332.75713801
C1C(C(=O)OC1=O)C2=CC=CC=C2,-501.5424
C1=CC=C(C=C1)C(=O)C(=S)C(=O)C2=CC=CC=C2,-6.1865766928
C1=CC=C2C(=C1)C(=O)N(C2=O)CCBr,-352.308227243
C1=CC=C2C(=C1)C(=O)N(C2=O)CCCl,-388.781080343
C1=CC=C(C=C1)N(C2=CC=CC=C2)C(=O)NCCO,-319.186
C(CO)N(CC(=O)O)CC(=O)O,-1133.44473996
CCCCN=CC(C)C,-161.029
CC(CN(CC(C)([N+](=O)[O-])[N+](=O)[O-])N=O)([N+](=O)[O-])[N+](=O)[O-],-192.39
C1=CC=C2C(=C1)C(=O)N(C2=O)CCCBr,-378.32014213
C1=CC(=CC=C1NC(=O)NC2=CC(=C(C=C2)Cl)Cl)Cl,-253.192198701
C(C(=O)O)NCC(=O)O,-932.70421987
C1=CC=C2C(=C1)C(=O)N(C2=O)CCl,-370.100739757
CCN(CC)C(=S)N=C(C1=CC=CC=C1)NC2=CC=CC=C2.CCN(CC)C(=S)N=C(C1=CC=CC=C1)NC2=CC=CC=C2.CCN(CC)C(=S)N=C(C1=CC=CC=C1)NC2=CC=CC=C2.CCN(CC)C(=S)N=C(C1=CC=CC=C1)NC2=CC=CC=C2.CCN(CC)C(=S)N=C(C1=CC=CC=C1)NC2=CC=CC=C2,114.156422791
C1CCN(CC1)C(=O)N(C2=CC=CC=C2)C3=CC=CC=C3,-108.243
C1=CC=C(C=C1)C(=O)NC2=CC=CC=C2NC3=CC=CC=C3,-10.008
C1=CC=C(C=C1)CNC2=CC=CC=C2,101.362268724
C1=CC=C(C=C1)C=NC2=CC=CC=C2,167.789
CCCCC(=O)NCCCC,-463.39
CCCCN1CCCCC1,-171.805611765
CC(=O)N(C1CCCCC1)C2=CC=CC=C2,-300.029
C1CCC(CC1)N2CCCCC2,-202.904833592
C1CCN(CC1)C2CCCC2,-150.35582949
CCN1C(=O)C2=CC=CC=C2C1=O,-350.13559643
C(C(=O)NCC(=O)O)N,-747.7
C(=NC(=O)N)(N)N.N[N+](=O)[O-].N[N+](=O)[O-],-378.538270232
C1=CC=C(C=C1)C(=O)NCC(=O)NCC(=O)O,-832.9201
C1=CC=C2C(=C1)N=NN2O,-2772.24365049
CNC1=C(C=C(C=C1)[N+](=O)[O-])[N+](=O)[O-],-67.532
CN(C1=C(C=C(C=C1[N+](=O)[O-])[N+](=O)[O-])[N+](=O)[O-])[N+](=O)[O-],30.7124
CNC(=O)N(C1=CC=CC=C1)C2=CC=CC=C2,-106.78
CC1=CC=CC=C1C(=O)NC,-241.613220533
CN1C=CC=C1C(=O)O,-387.727638443
C(CN(CC([N+](=O)[O-])([N+](=O)[O-])F)[N+](=O)[O-])C([N+](=O)[O-])([N+](=O)[O-])[N+](=O)[O-],-324.3
C(C([N+](=O)[O-])([N+](=O)[O-])[N+](=O)[O-])OCN(COCC([N+](=O)[O-])([N+](=O)[O-])[N+](=O)[O-])[N+](=O)[O-],-387.4
C1=CC=C(C=C1)N(C2=CC=CC=C2)N=O,227.238
C1CC(=O)N(C1=O)[N+](=O)[O-],-325.66
C1=CC=C(C=C1)NC2=CC=CC=C2C(=O)O,-306.920776217
CC(=O)NC1=CC=CC=C1,-209.435
CCCN1CCCCC1,-146.991078463
C(C(C(=O)NC(CO)C(=O)O)N)O,-1177.7
CC(C)(C)[N+](=CC1=CC=CC=C1)[O-],-753.552114977
C1CCC(CC1)N(C2CCCCC2)C(=O)N3CCOCC3,-1932.567
CN(C)C(=O)C1=CC=CC=C1,-193.99767642
CC(=O)N(C1=CC=CC=C1)C2=CC=CC=C2,-42.943
C(C([N+](=O)[O-])([N+](=O)[O-])[N+](=O)[O-])OCN(CN(CN(COCC([N+](=O)[O-])([N+](=O)[O-])[N+](=O)[O-])[N+](=O)[O-])[N+](=O)[O-])[N+](=O)[O-],-340.2
CN(C)C(=S)SSC(=S)N(C)C,39.2739132896
C(C([N+](=O)[O-])([N+](=O)[O-])F)NC(=O)C(=O)NCC([N+](=O)[O-])([N+](=O)[O-])F,-981.684515778
COC1=CC=CC(=C1)NC(=O)C2=CC=C(C=C2)C(=O)NC3=CC(=CC=C3)OC,-549.314025382
COC1=CC=CC=C1NC(=O)C2=CC=C(C=C2)C(=O)NC3=CC=CC=C3OC,-507.988504726
COC1=CC=C(C=C1)NC(=O)C2=CC=C(C=C2)C(=O)NC3=CC=C(C=C3)OC,-548.479143566
C1CC(=O)N(C1=O)N2C(=O)CCC2=O,-709.352
C1=CC=C(C=C1)C=NCCN=CC2=CC=CC=C2,271.381
CC(C)N=C=NC(C)C,-4151.62838236
C1=CC=C(C=C1)NNC2=CC=CC=C2,221.318
C1=CC=C(C=C1)NC(=O)NC2=CC=CC=C2,-116.73560706
C(CNC(CC(=O)O)C(=O)O)NC(CC(=O)O)C(=O)O,-1950.14
C1CC2=CC=CC=C2CC1CC3=CC=CC4=CC=CC=C43,44.088032534
C1=CC2=CC(=CC(=C2C(=C1)[N+](=O)[O-])[N+](=O)[O-])[N+](=O)[O-],-8.4684
C1=CC2=C(C(=C1)[N+](=O)[O-])C(=CC=C2)[N+](=O)[O-],26.74622
C1=CC(=C[N+](=C1)[O-])C(=O)N,-199.175523873
[NH4+].[N-]([N+](=O)[O-])[N+](=O)[O-],-148.0
C(C(=O)O)N(CC(=O)O)CC(=O)O,-1311.895
CC(C)(C)C1=CC(=C(C(=C1)C(C)(C)C)[N+](=O)[O-])C(C)(C)C,-271.300757996
C(=N[N+](=O)[O-])(N)N=[N+]=[N-],298.461
C1=CC=C(C=C1)N=O,120.732
C(=O)(N)N[N+](=O)[O-],-280.981053476
[N+](=O)([O-])OCl(=O)(=O)=O,59.0
C1=C(C=C(C(=C1[N+](=O)[O-])C2=C(C(=C(C=C2[N+](=O)[O-])[N+](=O)[O-])C3=C(C=C(C=C3[N+](=O)[O-])[N+](=O)[O-])[N+](=O)[O-])[N+](=O)[O-])[N+](=O)[O-])[N+](=O)[O-],132.18
CCNC(=O)N(C1=CC=CC=C1)C2=CC=CC=C2,-152.663
C(=N)(N)N[N+](=O)[O-],-89.267925312
C1=CC=C(C(=C1)N)S(=O)(=O)O,-532.385377216
C1=CC=C(C(=C1)N)Br,30.0594948701
C1=CC=C(C(=C1)CC(=O)O)Cl,-447.829718487
C1=CC=C(C(=C1)C(=O)O)I=O,-336.868771243
C1=CC=C(C(=C1)C#N)[N+](=O)[O-],130.049699073
C1=CC=C(C(=C1)N=O)[N+](=O)[O-],108.42
CCCCCCCCCCCCCCCCCC,-567.458
CCCCCCCCCCCCCCCCCC(=O)OO,-857.26
CCCCCCCCCCCCCCCCCC(=O)OC(CO)CO,-1321.304
CCCCCCCC(=O)N,-473.155
C1CCCCCCCOC(=O)CCCCCC1,-713.680218839
C1CCCCCCOC(=O)CCCCC1,-644.557118266
C(=O)(C(=O)NN)NN,-295.17
C(=O)(C(=O)O)N,-661.170264783
C(=O)(C(=O)N)N,-456.05
C(CO[N+](=O)[O-])N(C(=O)C(=O)N(CCO[N+](=O)[O-])[N+](=O)[O-])[N+](=O)[O-],-535.623
C1C2=CC=CC=C2NC1=O,-177.655319221
C1=CC(=C(C=C1Cl)[N+](=O)[O-])O,-236.550410183
CN(C)C1=CC=C(C=C1)C=O,-137.624
C1=CC=C(C=C1)C2=CC=C(C=C2)O,-106.306660946
C1=CC(=CC=C1N)I,83.7666908468
C1=CC(=CC=C1C=O)[N+](=O)[O-],-152.6514
C1=C[N+](=CC=C1[N+](=O)[O-])[O-],17.0963240598
C1=CC=C(C=C1)C2=CC=C(C=C2)CO,-121.344087353
CC1=C(C=CC(=C1)O)O,-402.673377873
C1(=O)NNC(=O)NN1,-261.22
CCCCCCCCCCCCCCCC(=O)OCC(COC(=O)CCCCCCCCCCCCCCC)OC(=O)CC1=CC=CC=C1,617.32
C1(=O)C(=O)NC(=O)N1,-590.170201654
C1=C(C(=C(C(=C1Cl)Cl)Cl)Cl)Cl,-118.323959827
C1(=C(C(=C(C(=C1Cl)Cl)Cl)Cl)Cl)[N+](=O)[O-],-97.0903039237
C1(=C(C(=C(C(=C1Cl)Cl)Cl)Cl)Cl)O,-292.38839262
C12C3C4C1C5C2C3C45,550.261919654
C1CC2=CC3=C(CCC4=CC=C1C=C4)C=C2CCC5=CC=CC(=C5)CC3,283.823238874
C1C2(COCO1)COCOC2,-702.28
C1(=C(C(=C(C(=C1F)F)F)F)F)C(=O)O,-1245.91024666
C1(=C(C(=C(C(=C1F)F)F)F)F)O,-1030.86152249
COC(=O)C1=CC(=C(C(=C1C(=O)OC)C(=O)OC)C(=O)OC)C(=O)OC,-1788.67099563
CC1=C(C(=C(C(=C1C)C)C(=O)O)C)C,-536.112
CCC(C(C)(C)[N+](=O)[O-])([N+](=O)[O-])[N+](=O)[O-],-290.325
C1=CC=C(C=C1)C(C2=CC=CC=C2)C(C3=CC=CC=C3)(C4=CC=CC=C4)C5=CC=CC=C5,375.17
[NH4+].[O-]Cl(=O)(=O)=O,-295.516
CCCCCCCCCCCC(=O)OO,-680.293
C1CCC(CC1)(O)OOC2(CCCCC2)OO,-829.55
CCCCCCCCCCCCCCCC(=O)OO,-801.9
C1CCC2C(C1)CC3CCCCC3N2,-262.9959
C[Si]12O[Si]3(O[Si]4(O[Si](O1)(O[Si]5(O[Si](O2)(O[Si](O3)(O[Si](O4)(O5)C)C)C)C)C)C)C,-5712.6
C1CCC(CC1)OC(=O)OOC(=O)OC2CCCCC2,-1101.15
CCCCCCCCCCCCCC(=O)OO,-749.882
C1=CC=C(C=C1)[Si]23O[Si]4(O[Si]5(O[Si](O2)(O[Si]6(O[Si](O3)(O[Si](O4)(O[Si](O5)(O6)C7=CC=CC=C7)C8=CC=CC=C8)C9=CC=CC=C9)C1=CC=CC=C1)C1=CC=CC=C1)C1=CC=CC=C1)C1=CC=CC=C1,4917.0
C1=CC2=C3C(=C1)C4=CC=CC5=C4C(=CC=C5)C3=CC=C2,182.7864
C(C(CO[N+](=O)[O-])(CO[N+](=O)[O-])CO[N+](=O)[O-])O[N+](=O)[O-],-541.06
C1=CC=C2C(=C1)N=C3C=CC=CC3=[N+]2[O-],197.342979613
C1=CC=C(C=C1)O,-164.648
C1=CC=C2C(=C1)OC3=CC=CC=C3S2,31.0385259804
C1=CC=C2C(=C1)NC3=CC=CC=C3O2,-2.055
C1=CC=C(C=C1)C(=O)OC2=CC=CC=C2,-241.584
C1=CC=C(C=C1)P(=O)(O)O,889.518
CCC1=C(C2=NC1=CC3=C(C4=C(C(C(=C5C(C(C(=CC6=NC(=C2)C(=C6C)C=C)N5)C)CCC(=O)OC)C4=N3)C(=O)OC)O)C)C,-674.15
C1=CC=C2C=NN=CC2=C1,261.426834913
C1=CC=NC(=C1)C(=O)O,-344.500440997
C1=CC=[N+](C(=C1)C(=O)O)[O-],-364.08411487
C1CN(CCN1[N+](=O)[O-])[N+](=O)[O-],-52.99
CCC=CN1CCCCC1,-83.7462108849
C1CCN(CC1)C2=CCCCC2,-97.3775291905
C1CCN(CC1)C2=CCCC2,-48.8170760977
CC=CN1CCCCC1,-57.3420869897
CC(C)(C)C(=O)N,-399.708394803
CC1=C(C2=CC3=NC(=CC4=NC(=CC5=C(C(=C(N5)C=C1N2)C=C)C)C(=C4CCC(=O)O)C)C(=C3C)CCC(=O)O)C=C,-521.72
CC1=CC=C(C=C1)C2=C3C=CC(=C(C4=NC(=C(C5=CC=C(N5)C(=C6C=CC2=N6)C7=CC=C(C=C7)C)C8=CC=C(C=C8)C)C=C4)C9=CC=C(C=C9)C)N3,478.763846701
COC1=CC=C(C=C1)C2=C3C=CC(=C(C4=NC(=C(C5=CC=C(N5)C(=C6C=CC2=N6)C7=CC=C(C=C7)OC)C8=CC=C(C=C8)OC)C=C4)C9=CC=C(C=C9)OC)N3,-170.960569753
CCC(=O)N,-338.17528133
C(C#N)C#N,186.446
C(C(=O)O)C(=O)O,-890.6207
C(C(=O)NN)C(=O)NN,-332.601
C1=CC=C(C=C1)C(=O)CCC#N,-71.5258884565
C=CC(=O)N,-212.087977443
CC1=C(C2=CC3=NC(=CC4=NC(=CC5=C(C(=C(N5)C=C1N2)C=C)C)C(=C4CCC(=O)OC)C)C(=C3C)CCC(=O)OC)C=C,-532.32
C1=C2C(=NC=N1)N=CN2,169.41
C1=NC2=C(N1)C(=O)NC(=O)N2,-379.555
C1=CN=CC=N1,139.7594526
C1=C[N+](=O)C=CN1[O-],69.6390433732
C1=CN=C(C=N1)C(=O)N,-93.4353243701
C1=CC=[N+](C=C1)[O-],8.6
CC(C)(C)C1=CC(=NC(=C1)C(C)(C)C)C(C)(C)C,-291.128732769
C1=CC(=NC(=C1)Br)Br,102.427280843
C1=CC=[NH+]C=C1.C(=C=[N-])C#N,397.912
C1=CN=C(N=C1)Cl,85.2929792866
C1=CNC(=O)NC1=O,-429.558959827
C1=C(C=C(C(=C1[N+](=O)[O-])NC2=C(C=C(C(=N2)NC3=C(C=C(C=C3[N+](=O)[O-])[N+](=O)[O-])[N+](=O)[O-])[N+](=O)[O-])[N+](=O)[O-])[N+](=O)[O-])[N+](=O)[O-],80.45
C1=CC2=C(C=CC(=C2N=C1)O)Cl,-123.926311243
C1=CC=C2C(=C1)N(C=C[N+]2=O)[O-],115.203472487
CC1C2CCC3(C=CC(=O)C(=C3C2OC1=O)C)C,-590.7904
CNCC(=O)O,-513.245260043
C(C1C(=O)NC(C(=O)N1)CO)O,-875.64
C(CC(=O)NN)C(=O)NN,-366.642
C1CC(=O)NC1=O,-460.269795757
CCS(=O)(=O)C,-486.156600433
C1=CC=C(C=C1)C(=O)NNC(=O)C2=CC=CC=C2,-213.828
C(=NN)(NN)NN.[N+](=O)(O)[O-],-50.203
C1(=C(C(=C(C(=C1[N+](=O)[O-])N)[N+](=O)[O-])N)[N+](=O)[O-])N,-139.54
C1=CC(=CC=C1C#N)C#N,268.3
CC1=C(C(=C=[N+]=O)C(=C(C1=C=N[O-])C)C)C,337.527570173
C1=CC(=CC=C1C2=C3C=CC(=C(C4=NC(=C(C5=CC=C(N5)C(=C6C=CC2=N6)C7=CC=C(C=C7)Br)C8=CC=C(C=C8)Br)C=C4)C9=CC=C(C=C9)Br)N3)Br,754.322996021
C1=CC(=CC=C1C2=C3C=CC(=C(C4=NC(=C(C5=CC=C(N5)C(=C6C=CC2=N6)C7=CC=C(C=C7)[N+](=O)[O-])C8=CC=C(C=C8)[N+](=O)[O-])C=C4)C9=CC=C(C=C9)[N+](=O)[O-])N3)[N+](=O)[O-],751.17
C1C=CC2C1C3CC2C4C3C5CC4C6C5C7CC6C=C7,135.046148121
C(Br)(Br)(Br)Br,29.3475877
CCCCCCCCCCCCCCCCCCCCCCCC,-701.028330297
C(#N)C(=C(C#N)C#N)C#N,626.941814212
C(#N)C(C#N)(C#N)C#N,611.572080346
C1CC1C(C#N)(C2CC2)C(C#N)(C3CC3)C4CC4,427.298449307
CCCCCCCCCCCCCC(=O)OC(CO)CO,-1212.877
CCCCCCCCCCCCCC(=O)OCC(CO)O,-1223.003
CC[N+](CC)(CC)CC.[I-],-300.324680779
CCOC(=O)C1=CC(=C(C=C1C(=O)OCC)C(=O)OCC)C(=O)OCC,-1579.61
C1NC(=O)NCN1CCO,-465.815
C(I)(I)(I)I,393.000272768
COC(=O)C1=CC(=C(C=C1C(=O)OC)C(=O)OC)C(=O)OC,-1432.98705351
C[N+](C)(C)C.[I-],-203.822600433
C(C1(C(=O)C(C(C1(CO)CO)(O[N+](=O)[O-])O[N+](=O)[O-])(O[N+](=O)[O-])O[N+](=O)[O-])CO)O,-706.087879047
CN(C)C(=S)SC(=S)N(C)C,46.7983346585
C1=C(C=C(C2=C1N3N=C4C(=CC(=CC4=[N+]3[N-]2)[N+](=O)[O-])[N+](=O)[O-])[N+](=O)[O-])[N+](=O)[O-],460.894
C1=CC=C(C=C1)C(=C(C2=CC=CC=C2)C3=CC=CC=C3)C4=CC=CC=C4,311.541
C1=CC=C(C=C1)N(C2=CC=CC=C2)N(C3=CC=CC=C3)C4=CC=CC=C4,457.82
C1=CC=C(C=C1)[Si](C2=CC=CC=C2)(C3=CC=CC=C3)C4=CC=CC=C4,-184.93
C=CCN(CC=C)C1=NNN=N1,351.077
C1(=NNN=N1)N,207.762
C1=CC=C2C(=C1)SC3=CC=CC=C3S2,-7057.17975134
C1=CC=C(C=C1)C(=S)N,26.901
C(=S)(NN)NN,105.486
C(=S)(N)NN,-0.839
C(=S)(N)N,-92.934
C1=CC=C2C(=C1)C(=O)C3=CC=CC=C3S2,-14.7049995196
C1C(CN1[N+](=O)[O-])([N+](=O)[O-])[N+](=O)[O-],11.757
C(C([N+](=O)[O-])([N+](=O)[O-])[N+](=O)[O-])OC(OCC([N+](=O)[O-])([N+](=O)[O-])[N+](=O)[O-])(OCC([N+](=O)[O-])([N+](=O)[O-])[N+](=O)[O-])OCC([N+](=O)[O-])([N+](=O)[O-])[N+](=O)[O-],-494.0
C1C2C(CN(CN2[N+](=O)[O-])[N+](=O)[O-])N(CN1[N+](=O)[O-])[N+](=O)[O-],110.88
COC1=CC=CC(=C1OC)C=CC(=O)O,-660.418640923
COC1=CC(=C(C=C1)C=CC(=O)O)OC,-683.034736983
COC1=CC=CC(=C1)C=CC(=O)O,-504.429057573
COC1=C(C=C(C=C1)C=CC(=O)O)OC,-664.037382863
COC1=CC(=CC(=C1)C=CC(=O)O)OC,-666.294411783
C1CC(CCC1CN)C(=O)O,-499.82724723
COC1=CC=C(C=C1)C=CC(=O)O,-512.661296973
CC1=CC=C(C=C1)C(C2=CC=C(C=C2)C)(C3=CC=C(C=C3)C)O,-67.574697866
C1=CC=C2C3C4=CC=CC=C4C(C2=C1)C5=CC=CC=C35,217.080475432
C1C2CC3CC1CC(C2)(C3)N,-195.458900649
C1CCC(CC1)C(C2CCCCC2)C3CCCCC3,-456.813776745
C(CCCCCC(=O)O)CCCCCC(=O)O,-1148.278
CCC(C(=O)O)C(CC)(CC)C(=O)O,-1066.3198
C(I)(I)I,181.063338844
COC(=O)C1=CC(=CC(=C1)C(=O)OC)C(=O)OC,-1101.6714786
CN1C(=O)N(C(=O)N(C1=O)C)C,-677.90317547
COC(=O)C(C(=O)OC)C(=O)OC,-1147.32
C(CS)CS,-79.236301968
C(#N)C([N+](=O)[O-])([N+](=O)[O-])[N+](=O)[O-],175.802064146
C(C([N+](=O)[O-])([N+](=O)[O-])[N+](=O)[O-])OCOCC([N+](=O)[O-])([N+](=O)[O-])[N+](=O)[O-],-403.360474236
C([N+](=O)[O-])([N+](=O)[O-])[N+](=O)[O-],-46.2858899439
C1=CC=C(C=C1)N(C2=CC=CC=C2)C3=CC=CC=C3,234.791619437
C1=CC=C(C=C1)C(=NNC2=CC=CC=C2)N=NC3=CC=CC=C3,543.12
C1=CC=C(C=C1)C(C2=CC=CC=C2)(C3=CC=CC=C3)O,-2.476
C1=CC(=CC2=C1C=CC(=O)O2)O,-471.1
C(=O)(N)N,-333.386
CC(=O)NC(=O)N,-544.209587913
C(=O)(N)N.[N+](=O)(O)[O-],-561.873953476
CC(C)C1C(=O)NC(C(=O)N1)CC2=CC=CC=C2,-392.673
CC(C)C(C(=O)NC(CC1=CC=CC=C1)C(=O)O)N,-765.7814
COC1=C(C=C(C=C1)C(=O)O)OC,-714.400520087
