inchikey,smiles,value,tier,scaffold
QGJOPFRUJISHPQ-UHFFFAOYSA-N,S=C=S,4.393,tier1,EMPTY_SCAFFOLD
OKKJLVBELUTLKV-UHFFFAOYSA-N,CO,3.205,tier1,EMPTY_SCAFFOLD
NEHMKBQYUWJMIP-UHFFFAOYSA-N,CCl,6.548,tier1,EMPTY_SCAFFOLD
RTZKZFJDLAIYFH-UHFFFAOYSA-N,CCOCC,7.19,tier1,EMPTY_SCAFFOLD
YMWUJEATGCHHMB-UHFFFAOYSA-N,ClCCl,4.602,tier1,EMPTY_SCAFFOLD
KVNRLNFWIYMESJ-UHFFFAOYSA-N,CCCC#N,5.021,tier1,EMPTY_SCAFFOLD
KXKVLQRXCPHEJC-UHFFFAOYSA-N,COC(C)=O,7.97,tier1,EMPTY_SCAFFOLD
UHOVQNZJYSORNB-UHFFFAOYSA-N,c1ccccc1,9.866,tier1,c1ccccc1
XEKOWRVHYACXOJ-UHFFFAOYSA-N,CCOC(C)=O,10.48,tier1,EMPTY_SCAFFOLD
YXFVVABEGXRONW-UHFFFAOYSA-N,Cc1ccccc1,6.636,tier1,c1ccccc1
RFFLAFLAYFXFSW-UHFFFAOYSA-N,Clc1ccccc1Cl,12.66,tier1,c1ccccc1
ZPQOPVIELGIULI-UHFFFAOYSA-N,Clc1cccc(Cl)c1,12.59,tier1,c1ccccc1
ATUOYWHBWRKTHZ-UHFFFAOYSA-N,CCC,3.524,tier1,EMPTY_SCAFFOLD
LFQSCWFLJHTTHZ-UHFFFAOYSA-N,CCO,4.931,tier1,EMPTY_SCAFFOLD
BDERNNFJNOPAEC-UHFFFAOYSA-N,CCCO,5.372,tier1,EMPTY_SCAFFOLD
IKHGUXGNUITLKF-UHFFFAOYSA-N,CC=O,3.222,tier1,EMPTY_SCAFFOLD
HQABUPZFAYXKJW-UHFFFAOYSA-N,CCCCN,14.8,tier1,EMPTY_SCAFFOLD
OFBQJSOFQDEBGM-UHFFFAOYSA-N,CCCCC,8.393,tier1,EMPTY_SCAFFOLD
WSLDOOZREJYCGB-UHFFFAOYSA-N,ClCCCl,6.626,tier1,EMPTY_SCAFFOLD
CSCPPACGZOOCGX-UHFFFAOYSA-N,CC(C)=O,5.691,tier1,EMPTY_SCAFFOLD
RGSFGYAAUTVSQA-UHFFFAOYSA-N,C1CCCC1,0.609,tier1,C1CCCC1
ZSIAUFGUXNUGDI-UHFFFAOYSA-N,CCCCCCO,15.397,tier1,EMPTY_SCAFFOLD
SCYULBFZEHDVBN-UHFFFAOYSA-N,CC(Cl)Cl,7.67,tier1,EMPTY_SCAFFOLD
ZWEHNKRNPOVVGH-UHFFFAOYSA-N,CCC(C)=O,8.439,tier1,EMPTY_SCAFFOLD
FDPIMTJIUBPUKL-UHFFFAOYSA-N,CCC(=O)CC,11.594,tier1,EMPTY_SCAFFOLD
LGXVIGDEPROXKC-UHFFFAOYSA-N,C=C(Cl)Cl,6.515,tier1,EMPTY_SCAFFOLD
CTQNGGLPUBDAKN-UHFFFAOYSA-N,Cc1ccccc1C,13.598,tier1,c1ccccc1
MVPPADPHJFYWMZ-UHFFFAOYSA-N,Clc1ccccc1,9.556,tier1,c1ccccc1
UBOXGVDOUJQMTN-UHFFFAOYSA-N,ClCC(Cl)Cl,11.297,tier1,EMPTY_SCAFFOLD
UOCLXMDMGBRAIB-UHFFFAOYSA-N,CC(Cl)(Cl)Cl,2.35,tier1,EMPTY_SCAFFOLD
URLKBWYHVLBVBO-UHFFFAOYSA-N,Cc1ccc(C)cc1,17.113,tier1,c1ccccc1
BAVYZALUXZFZLV-UHFFFAOYSA-N,CN,6.134,tier1,EMPTY_SCAFFOLD
GZUXJHMPEANEGY-UHFFFAOYSA-N,CBr,5.979,tier1,EMPTY_SCAFFOLD
HRYZWHHZPQKTII-UHFFFAOYSA-N,CCCl,4.452,tier1,EMPTY_SCAFFOLD
IJDNQMDRQITEOD-UHFFFAOYSA-N,CCCC,4.661,tier1,EMPTY_SCAFFOLD
FVSKHRXBFJPNKK-UHFFFAOYSA-N,CCC#N,5.029,tier1,EMPTY_SCAFFOLD
HPNMFZURTQLUMO-UHFFFAOYSA-N,CCNCC,11.4,tier1,EMPTY_SCAFFOLD
LRHPLDYGYMQRHN-UHFFFAOYSA-N,CCCCO,9.372,tier1,EMPTY_SCAFFOLD
NBBJYMSMWIIQGU-UHFFFAOYSA-N,CCC=O,9.75,tier1,EMPTY_SCAFFOLD
TZIHFWKZFHZASV-UHFFFAOYSA-N,COC=O,7.531,tier1,EMPTY_SCAFFOLD
AMQJEAYHLZJPGS-UHFFFAOYSA-N,CCCCCO,9.791,tier1,EMPTY_SCAFFOLD
KFZMGEQAYNKOFK-UHFFFAOYSA-N,CC(C)O,5.41,tier1,EMPTY_SCAFFOLD
VLKZOEOYAKHREP-UHFFFAOYSA-N,CCCCCC,13.079,tier1,EMPTY_SCAFFOLD
ZTQSAGDEMFDKMZ-UHFFFAOYSA-N,CCCC=O,11.104,tier1,EMPTY_SCAFFOLD
QTBSBXVTEAMEQO-UHFFFAOYSA-N,CC(=O)O,11.715,tier1,EMPTY_SCAFFOLD
RYHBNJHYFVUHQT-UHFFFAOYSA-N,C1COCCO1,12.845,tier1,C1COCCO1
XNLICIUVMPYHGG-UHFFFAOYSA-N,CCCC(C)=O,10.623,tier1,EMPTY_SCAFFOLD
QARVLSVVCXYDNA-UHFFFAOYSA-N,Brc1ccccc1,10.627,tier1,c1ccccc1
LYGJENNIWJXYER-UHFFFAOYSA-N,C[N+](=O)[O-],9.703,tier1,EMPTY_SCAFFOLD
RWGFKTVRMDUZSP-UHFFFAOYSA-N,CC(C)c1ccccc1,7.326,tier1,c1ccccc1
QMMFVYPAHWMCMS-UHFFFAOYSA-N,CSC,7.965,tier1,EMPTY_SCAFFOLD
ROSDSFDQCJNGOL-UHFFFAOYSA-N,CNC,5.941,tier1,EMPTY_SCAFFOLD
NKDDWNXOKDWJAK-UHFFFAOYSA-N,COCOC,8.33,tier1,EMPTY_SCAFFOLD
GETQZCLCWQTVFV-UHFFFAOYSA-N,CN(C)C,6.544,tier1,EMPTY_SCAFFOLD
NLHHRLWOUZZQLW-UHFFFAOYSA-N,C=CC#N,6.23,tier1,EMPTY_SCAFFOLD
YWAKXRMUMFPDSH-UHFFFAOYSA-N,C=CCCC,5.807,tier1,EMPTY_SCAFFOLD
BMVXCPBXGZKUPN-UHFFFAOYSA-N,CCCCCCN,21.2,tier1,EMPTY_SCAFFOLD
IMNFDUFMRHMDMM-UHFFFAOYSA-N,CCCCCCC,14.054,tier1,EMPTY_SCAFFOLD
KFNNIILCVOLYIR-UHFFFAOYSA-N,CCCOC=O,13.2,tier1,EMPTY_SCAFFOLD
LIKMAJRDDDTEIG-UHFFFAOYSA-N,C=CCCCC,9.348,tier1,EMPTY_SCAFFOLD
POLCUAVZOMRGSN-UHFFFAOYSA-N,CCCOCCC,11.0,tier1,EMPTY_SCAFFOLD
ZXEKIIBDNHEJCQ-UHFFFAOYSA-N,CC(C)CO,8.322,tier1,EMPTY_SCAFFOLD
JUJWROOIHBZHMG-UHFFFAOYSA-N,c1ccncc1,8.28,tier1,c1ccncc1
PFEOZHBOMNWTJB-UHFFFAOYSA-N,CCC(C)CC,5.303,tier1,EMPTY_SCAFFOLD
PHTQWCKDNZKARW-UHFFFAOYSA-N,CC(C)CCO,6.61,tier1,EMPTY_SCAFFOLD
XBDQKXXYIPTUBI-UHFFFAOYSA-N,CCC(=O)O,10.66,tier1,EMPTY_SCAFFOLD
XDTMQSROBMDMFD-UHFFFAOYSA-N,C1CCCCC1,2.74,tier1,C1CCCCC1
DIKBFYAXUHHXCS-UHFFFAOYSA-N,BrC(Br)Br,11.6,tier1,EMPTY_SCAFFOLD
DURPTKYDGMDSBL-UHFFFAOYSA-N,CCCCOCCCC,16.6,tier1,EMPTY_SCAFFOLD
FERIUCNNQQJTOY-UHFFFAOYSA-N,CCCC(=O)O,11.59,tier1,EMPTY_SCAFFOLD
HEDRZPFGACZZDS-UHFFFAOYSA-N,ClC(Cl)Cl,9.54,tier1,EMPTY_SCAFFOLD
HGCIXCUEYOPUTN-UHFFFAOYSA-N,C1=CCCCC1,3.293,tier1,C1=CCCCC1
KBPLFHHGFOOTCA-UHFFFAOYSA-N,CCCCCCCCO,42.258,tier1,EMPTY_SCAFFOLD
RRHGJUQNOFWUDK-UHFFFAOYSA-N,C=CC(=C)C,4.925,tier1,EMPTY_SCAFFOLD
BZLVMXJERCGZMT-UHFFFAOYSA-N,COC(C)(C)C,7.6,tier1,EMPTY_SCAFFOLD
FKRCODPIKNYEAC-UHFFFAOYSA-N,CCOC(=O)CC,12.3,tier1,EMPTY_SCAFFOLD
MSXVEPNJUHWQHW-UHFFFAOYSA-N,CCC(C)(C)O,4.456,tier1,EMPTY_SCAFFOLD
DKPFZGUDAPQIHT-UHFFFAOYSA-N,CCCCOC(C)=O,14.4,tier1,EMPTY_SCAFFOLD
FXHOOIRPVKKKFG-UHFFFAOYSA-N,CC(=O)N(C)C,10.418,tier1,EMPTY_SCAFFOLD
HUMNYLRZRPPJDN-UHFFFAOYSA-N,O=Cc1ccccc1,9.322,tier1,c1ccccc1
KQNPFQTWMSNSAP-UHFFFAOYSA-N,CC(C)C(=O)O,5.021,tier1,EMPTY_SCAFFOLD
ODLMAHJVESYWTB-UHFFFAOYSA-N,CCCc1ccccc1,9.288,tier1,c1ccccc1
PPBRXRYQALVLMV-UHFFFAOYSA-N,C=Cc1ccccc1,10.95,tier1,c1ccccc1
JMMWKPVZQRWMSS-UHFFFAOYSA-N,CC(=O)OC(C)C,8.88,tier1,EMPTY_SCAFFOLD
GJRQTCIYDGXPES-UHFFFAOYSA-N,CC(=O)OCC(C)C,12.4,tier1,EMPTY_SCAFFOLD
MCSAJNNLRCFZED-UHFFFAOYSA-N,CC[N+](=O)[O-],9.653,tier1,EMPTY_SCAFFOLD
CYTYCFOTNPOANT-UHFFFAOYSA-N,ClC(Cl)=C(Cl)Cl,10.46,tier1,EMPTY_SCAFFOLD
PBKONEOXTCPAFI-UHFFFAOYSA-N,Clc1ccc(Cl)c(Cl)c1,15.565,tier1,c1ccccc1
LQNUZADURLCDLV-UHFFFAOYSA-N,O=[N+]([O-])c1ccccc1,11.632,tier1,c1ccccc1
BDAGIHXWWSANSR-UHFFFAOYSA-N,O=CO,12.698,tier1,EMPTY_SCAFFOLD
PIICEJLVQHRZGT-UHFFFAOYSA-N,NCCN,22.563,tier1,EMPTY_SCAFFOLD
QQONPFPTGQHPMA-UHFFFAOYSA-N,C=CC,3.003,tier1,EMPTY_SCAFFOLD
RDHPKYGYEGBMSE-UHFFFAOYSA-N,CCBr,5.656,tier1,EMPTY_SCAFFOLD
SUVIGLJNEAMWEG-UHFFFAOYSA-N,CCCS,5.477,tier1,EMPTY_SCAFFOLD
WEVYAHXRMPXWCK-UHFFFAOYSA-N,CC#N,6.912,tier1,EMPTY_SCAFFOLD
BZHJMEDXRYGGRV-UHFFFAOYSA-N,C=CCl,4.744,tier1,EMPTY_SCAFFOLD
IAYPIBMASNFSPL-UHFFFAOYSA-N,C1CO1,5.171,tier1,C1CO1
SNMVRZFUUCLYTO-UHFFFAOYSA-N,CCCCl,5.544,tier1,EMPTY_SCAFFOLD
VXNZUUAINFGPBY-UHFFFAOYSA-N,C=CCC,3.848,tier1,EMPTY_SCAFFOLD
JJWLVOIRVHMVIS-UHFFFAOYSA-N,CC(C)N,7.325,tier1,EMPTY_SCAFFOLD
KAKZBPTYRLMSJV-UHFFFAOYSA-N,C=CC=C,7.985,tier1,EMPTY_SCAFFOLD
WBJINCZRORDGAQ-UHFFFAOYSA-N,CCOC=O,9.205,tier1,EMPTY_SCAFFOLD
BTANRVKWQNVYAZ-UHFFFAOYSA-N,CCC(C)O,5.971,tier1,EMPTY_SCAFFOLD
KDSNLYIMUZNERS-UHFFFAOYSA-N,CC(C)CN,9.99,tier1,EMPTY_SCAFFOLD
QWTDNUCVQCZILF-UHFFFAOYSA-N,CCC(C)C,5.151,tier1,EMPTY_SCAFFOLD
WEHWNAOGRSTTBQ-UHFFFAOYSA-N,CCCNCCC,14.5,tier1,EMPTY_SCAFFOLD
WYURNTSHIVDZCO-UHFFFAOYSA-N,C1CCOC1,8.54,tier1,C1CCOC1
AFABGHUZZDYHJO-UHFFFAOYSA-N,CCCC(C)C,6.268,tier1,EMPTY_SCAFFOLD
MHNNAWXXUZQSNM-UHFFFAOYSA-N,C=C(C)CC,7.911,tier1,EMPTY_SCAFFOLD
TVMXDCGIABBOFY-UHFFFAOYSA-N,CCCCCCCC,20.74,tier1,EMPTY_SCAFFOLD
ZGEGCLOFRBLKSE-UHFFFAOYSA-N,C=CCCCCC,12.401,tier1,EMPTY_SCAFFOLD
ZMXDDKWLCZADIW-UHFFFAOYSA-N,CN(C)C=O,16.154,tier1,EMPTY_SCAFFOLD
BKIMMITUMNQMOS-UHFFFAOYSA-N,CCCCCCCCC,15.468,tier1,EMPTY_SCAFFOLD
CRSOQBOWXPBRES-UHFFFAOYSA-N,CC(C)(C)C,3.146,tier1,EMPTY_SCAFFOLD
GXDHCNNESPLIKD-UHFFFAOYSA-N,CCCCC(C)C,9.184,tier1,EMPTY_SCAFFOLD
PAYRUJLWNCNPSJ-UHFFFAOYSA-N,Nc1ccccc1,10.54,tier1,c1ccccc1
RJUFJBKOKNCXHH-UHFFFAOYSA-N,CCC(=O)OC,10.1,tier1,EMPTY_SCAFFOLD
UAEPNZWRGJTJPN-UHFFFAOYSA-N,CC1CCCCC1,6.751,tier1,C1CCCCC1
HNRMPXKDFBEGFZ-UHFFFAOYSA-N,CCC(C)(C)C,0.579,tier1,EMPTY_SCAFFOLD
JVSWJIKNEAIKJW-UHFFFAOYSA-N,CCCCCC(C)C,11.878,tier1,EMPTY_SCAFFOLD
RDOXTESZEPMUJZ-UHFFFAOYSA-N,COc1ccccc1,11.2,tier1,c1ccccc1
YNQLUTRBYVCPMQ-UHFFFAOYSA-N,CCc1ccccc1,9.184,tier1,c1ccccc1
ZFFMLCVRJBZUDZ-UHFFFAOYSA-N,CC(C)C(C)C,0.799,tier1,EMPTY_SCAFFOLD
ISPYQTSUDJAMAB-UHFFFAOYSA-N,Oc1ccccc1Cl,13.502,tier1,c1ccccc1
OBNCKNCVKJNDBV-UHFFFAOYSA-N,CCCC(=O)OCC,12.5,tier1,EMPTY_SCAFFOLD
ZAFNJMIOTHYJRJ-UHFFFAOYSA-N,CC(C)OC(C)C,11.046,tier1,EMPTY_SCAFFOLD
FLTJDUOFAQWHDF-UHFFFAOYSA-N,CCCCC(C)(C)C,6.778,tier1,EMPTY_SCAFFOLD
KUMXLFIBWFCMOJ-UHFFFAOYSA-N,CCCC(C)(C)CC,7.113,tier1,EMPTY_SCAFFOLD
OCKPCBLVNKHBMX-UHFFFAOYSA-N,CCCCc1ccccc1,11.222,tier1,c1ccccc1
PGMYKACGEOXYJE-UHFFFAOYSA-N,CCCCCOC(C)=O,16.5,tier1,EMPTY_SCAFFOLD
SVONRAPFKPVNKG-UHFFFAOYSA-N,CCOCCOC(C)=O,17.2,tier1,EMPTY_SCAFFOLD
UWNADWZGEHDQAB-UHFFFAOYSA-N,CC(C)CCC(C)C,12.954,tier1,EMPTY_SCAFFOLD
AOGQPLXWSUTHQB-UHFFFAOYSA-N,CCCCCCOC(C)=O,16.9,tier1,EMPTY_SCAFFOLD
VZGDMQKNWNREIO-UHFFFAOYSA-N,ClC(Cl)(Cl)Cl,2.535,tier1,EMPTY_SCAFFOLD
NHTMVDHEPJAVLT-UHFFFAOYSA-N,CC(C)CC(C)(C)C,9.196,tier1,EMPTY_SCAFFOLD
OKVWYBALHQFVFP-UHFFFAOYSA-N,CCC(C)(C)C(C)C,0.858,tier1,EMPTY_SCAFFOLD
RLPGDEORIPLBNF-UHFFFAOYSA-N,CC(C)C(C)C(C)C,9.268,tier1,EMPTY_SCAFFOLD
XTDQDBVBDLYELW-UHFFFAOYSA-N,CCC(C)C(C)(C)C,8.619,tier1,EMPTY_SCAFFOLD
AUHZEENZYGFFBQ-UHFFFAOYSA-N,Cc1cc(C)cc(C)c1,9.514,tier1,c1ccccc1
GWHJZXXIDMPWGX-UHFFFAOYSA-N,Cc1ccc(C)c(C)c1,13.192,tier1,c1ccccc1
YTZKOQUCBOVLHL-UHFFFAOYSA-N,CC(C)(C)c1ccccc1,8.393,tier1,c1ccccc1
QZYHIOPPLUPUJF-UHFFFAOYSA-N,Cc1cccc([N+](=O)[O-])c1,14.058,tier1,c1ccccc1
DNJIEGIFACGWOD-UHFFFAOYSA-N,CCS,4.975,tier1,EMPTY_SCAFFOLD
LELOWRISYMNNSU-UHFFFAOYSA-N,C#N,8.406,tier1,EMPTY_SCAFFOLD
QUSNBJAOOMFDIB-UHFFFAOYSA-N,CCN,9.35,tier1,EMPTY_SCAFFOLD
LYCAIKOWRPUZTN-UHFFFAOYSA-N,OCCO,9.956,tier1,EMPTY_SCAFFOLD
CYNYIHKIEHGYOZ-UHFFFAOYSA-N,CCCBr,6.527,tier1,EMPTY_SCAFFOLD
NOWKCMXCCJGMRR-UHFFFAOYSA-N,C1CN1,5.67,tier1,C1CN1
XNWFRZJHXBZDAG-UHFFFAOYSA-N,COCCO,8.33,tier1,EMPTY_SCAFFOLD
XXROGKLTLUQVRX-UHFFFAOYSA-N,C=CCO,5.12,tier1,EMPTY_SCAFFOLD
DPBLXKKOBLCELK-UHFFFAOYSA-N,CCCCCN,17.6,tier1,EMPTY_SCAFFOLD
GOOHAUXETOMSMM-UHFFFAOYSA-N,CC1CO1,6.531,tier1,C1CO1
HGINCPLSRVDWNT-UHFFFAOYSA-N,C=CC=O,1.02,tier1,EMPTY_SCAFFOLD
MPPPKRYCTPRNTB-UHFFFAOYSA-N,CCCCBr,6.694,tier1,EMPTY_SCAFFOLD
NVJUHMXYKCUMQA-UHFFFAOYSA-N,CCCOCC,8.395,tier1,EMPTY_SCAFFOLD
BHRZNVHARXXAHW-UHFFFAOYSA-N,CCC(C)N,8.93,tier1,EMPTY_SCAFFOLD
HGBOYTHUEUWSSQ-UHFFFAOYSA-N,CCCCC=O,15.0,tier1,EMPTY_SCAFFOLD
RWRDLPDLKQPQOW-UHFFFAOYSA-N,C1CCNC1,8.577,tier1,C1CCNC1
AQIXEPGDORPWBJ-UHFFFAOYSA-N,CCC(O)CC,9.08,tier1,EMPTY_SCAFFOLD
BBMCTIGTTCKYKF-UHFFFAOYSA-N,CCCCCCCO,18.175,tier1,EMPTY_SCAFFOLD
GDOPTJXRTPNYNR-UHFFFAOYSA-N,CC1CCCC1,6.929,tier1,C1CCCC1
JYVLIDXNZAXMDK-UHFFFAOYSA-N,CCCC(C)O,8.48,tier1,EMPTY_SCAFFOLD
LPIQUOYDBNQMRZ-UHFFFAOYSA-N,C1=CCCC1,3.364,tier1,C1=CCCC1
POAOYUHQDCAZBD-UHFFFAOYSA-N,CCCCOCCO,19.1,tier1,EMPTY_SCAFFOLD
FKNQCJSGGFJEIZ-UHFFFAOYSA-N,Cc1ccncc1,11.573,tier1,c1ccncc1
FXHGMKSSBGDXIY-UHFFFAOYSA-N,CCCCCCC=O,23.585,tier1,EMPTY_SCAFFOLD
IOQPZZOEVPZRBK-UHFFFAOYSA-N,CCCCCCCCN,28.6,tier1,EMPTY_SCAFFOLD
JQVDAXLFBXTEQA-UHFFFAOYSA-N,CCCCNCCCC,19.0,tier1,EMPTY_SCAFFOLD
KWKAKUADMBZCLK-UHFFFAOYSA-N,C=CCCCCCC,15.313,tier1,EMPTY_SCAFFOLD
LSXKDWGTSHCFPP-UHFFFAOYSA-N,CCCCCCCBr,12.1,tier1,EMPTY_SCAFFOLD
PYLWMHQQBFSUBP-UHFFFAOYSA-N,Fc1ccccc1,11.305,tier1,c1ccccc1
VLJXXKKOSFGPHI-UHFFFAOYSA-N,CCCC(C)CC,9.46,tier1,EMPTY_SCAFFOLD
AFBPFSWMIHJQDM-UHFFFAOYSA-N,CNc1ccccc1,9.52,tier1,c1ccccc1
DIOQZVSQGTUSAI-UHFFFAOYSA-N,CCCCCCCCCC,28.715,tier1,EMPTY_SCAFFOLD
HYBBIBNJHNGZAN-UHFFFAOYSA-N,O=Cc1ccco1,14.351,tier1,c1ccoc1
JHIVVAPYMSGYDF-UHFFFAOYSA-N,O=C1CCCCC1,1.19,tier1,O=C1CCCCC1
LAIUFBWHERIJIH-UHFFFAOYSA-N,CCCCC(C)CC,11.627,tier1,EMPTY_SCAFFOLD
WVDDGKGOMKODPV-UHFFFAOYSA-N,OCc1ccccc1,8.972,tier1,c1ccccc1
YKYONYBAUNKHLG-UHFFFAOYSA-N,CCCOC(C)=O,11.2,tier1,EMPTY_SCAFFOLD
AEXMKKGTQYQZCS-UHFFFAOYSA-N,CCC(C)(C)CC,7.067,tier1,EMPTY_SCAFFOLD
CXOWYJMDMMMMJO-UHFFFAOYSA-N,CCCC(C)(C)C,5.824,tier1,EMPTY_SCAFFOLD
HYFLWBNQFMXCPA-UHFFFAOYSA-N,CCc1ccccc1C,9.962,tier1,c1ccccc1
SYBYTAAJFKOIEJ-UHFFFAOYSA-N,CC(=O)C(C)C,9.343,tier1,EMPTY_SCAFFOLD
JJYPMNFTHPTTDI-UHFFFAOYSA-N,Cc1cccc(N)c1,3.891,tier1,c1ccccc1
KVNYFPKFSJIPBJ-UHFFFAOYSA-N,CCc1ccccc1CC,16.778,tier1,c1ccccc1
FYGHSUNMUKGBRK-UHFFFAOYSA-N,Cc1cccc(C)c1C,8.18,tier1,c1ccccc1
JRLPEMVDPFPYPJ-UHFFFAOYSA-N,CCc1ccc(C)cc1,13.355,tier1,c1ccccc1
WFDIJRYMOXRFFG-UHFFFAOYSA-N,CC(=O)OC(C)=O,10.502,tier1,EMPTY_SCAFFOLD
YRKCREAYFQTBPV-UHFFFAOYSA-N,CC(=O)CC(C)=O,14.497,tier1,EMPTY_SCAFFOLD
ZISSAWUMDACLOM-UHFFFAOYSA-N,CC(C)C(C)(C)C,2.261,tier1,EMPTY_SCAFFOLD
AFZZYIJIWUTJFO-UHFFFAOYSA-N,CCc1cccc(CC)c1,10.966,tier1,c1ccccc1
DSNHSQKRULAAEI-UHFFFAOYSA-N,CCc1ccc(CC)cc1,10.586,tier1,c1ccccc1
KXUHSQYYJYAXGZ-UHFFFAOYSA-N,CC(C)Cc1ccccc1,12.51,tier1,c1ccccc1
QPFMBZIOSGYJDE-UHFFFAOYSA-N,ClC(Cl)C(Cl)Cl,9.172,tier1,EMPTY_SCAFFOLD
ZJMWRROPUADPEA-UHFFFAOYSA-N,CCC(C)c1ccccc1,9.832,tier1,c1ccccc1
PQNFLJBBNBOBRQ-UHFFFAOYSA-N,c1ccc2c(c1)CCC2,8.598,tier1,c1ccc2c(c1)CCC2
QPUYECUOLPXSFR-UHFFFAOYSA-N,Cc1cccc2ccccc12,6.945,tier1,c1ccc2ccccc2c1
VLHAGZNBWKUMRW-UHFFFAOYSA-N,CCC(C(C)C)C(C)C,7.2,tier1,EMPTY_SCAFFOLD
HFPZCAJZSCWRBC-UHFFFAOYSA-N,Cc1ccc(C(C)C)cc1,9.661,tier1,c1ccccc1
GUMULFRCHLJNDY-UHFFFAOYSA-N,CC(C)(C)CC(C)(C)C,9.7,tier1,EMPTY_SCAFFOLD
NZZFYRREKKOMAT-UHFFFAOYSA-N,ICI,12.05,tier1,EMPTY_SCAFFOLD
LJSQFQKUNVCTIA-UHFFFAOYSA-N,CCSCC,11.904,tier1,EMPTY_SCAFFOLD
KJRCEJOSASVSRA-UHFFFAOYSA-N,CC(C)S,5.736,tier1,EMPTY_SCAFFOLD
NNPPMTNAJDCUHE-UHFFFAOYSA-N,CC(C)C,4.54,tier1,EMPTY_SCAFFOLD
XTHFKEDIFFGKHM-UHFFFAOYSA-N,COCCOC,12.556,tier1,EMPTY_SCAFFOLD
DNIAPMSPPWPWGF-UHFFFAOYSA-N,CC(O)CO,7.57,tier1,EMPTY_SCAFFOLD
IAZDPXIOMUYVGZ-UHFFFAOYSA-N,CS(C)=O,13.933,tier1,EMPTY_SCAFFOLD
LOCHFZBWPCLPAN-UHFFFAOYSA-N,CCC(C)S,6.477,tier1,EMPTY_SCAFFOLD
NAMYKGVDVNBCFQ-UHFFFAOYSA-N,CC(C)Br,6.527,tier1,EMPTY_SCAFFOLD
YTPLMLYBLZKORZ-UHFFFAOYSA-N,c1ccsc1,5.086,tier1,c1ccsc1
AMIMRNSIRUDHCM-UHFFFAOYSA-N,CC(C)C=O,12.0,tier1,EMPTY_SCAFFOLD
BKOOMYPCSUNDGP-UHFFFAOYSA-N,CC=C(C)C,7.598,tier1,EMPTY_SCAFFOLD
LRDFRRGEGBBSRN-UHFFFAOYSA-N,CC(C)C#N,10.3,tier1,EMPTY_SCAFFOLD
NMJJFJNHVMGPGM-UHFFFAOYSA-N,CCCCOC=O,13.9,tier1,EMPTY_SCAFFOLD
YNAVUWVOSKDBBP-UHFFFAOYSA-N,C1COCCN1,9.2,tier1,C1COCCN1
AORMDLNPRGXHHL-UHFFFAOYSA-N,CCC(CC)CC,9.548,tier1,EMPTY_SCAFFOLD
BSKHPKMHTQYZBB-UHFFFAOYSA-N,Cc1ccccn1,9.724,tier1,c1ccncc1
DMEGYFMYUHOHGS-UHFFFAOYSA-N,C1CCCCCC1,1.883,tier1,C1CCCCCC1
HPXRVTGHNJAIIH-UHFFFAOYSA-N,OC1CCCCC1,1.783,tier1,C1CCCCC1
NIXOWILDQLNWCW-UHFFFAOYSA-N,C=CC(=O)O,11.129,tier1,EMPTY_SCAFFOLD
PAFZNILMFXTMIY-UHFFFAOYSA-N,NC1CCCCC1,13.7,tier1,C1CCCCC1
XPFVYQJUAUNWIW-UHFFFAOYSA-N,OCc1ccco1,13.131,tier1,c1ccoc1
AVMSWPWPYJVYKY-UHFFFAOYSA-N,CC(C)COC=O,11.2,tier1,EMPTY_SCAFFOLD
IIEWJVIFRVWJOD-UHFFFAOYSA-N,CCC1CCCCC1,8.334,tier1,C1CCCCC1
MGNZXYYWBUKAII-UHFFFAOYSA-N,C1=CCCC=C1,4.205,tier1,C1=CCCC=C1
NQPDZGIKBAWPEJ-UHFFFAOYSA-N,CCCCC(=O)O,14.163,tier1,EMPTY_SCAFFOLD
NUJGJRNETVAIRJ-UHFFFAOYSA-N,CCCCCCCC=O,26.13,tier1,EMPTY_SCAFFOLD
RNVCVTLRINQCPJ-UHFFFAOYSA-N,Cc1ccccc1N,7.53,tier1,c1ccccc1
UUIQMZJEGPQKFD-UHFFFAOYSA-N,CCCC(=O)OC,11.5,tier1,EMPTY_SCAFFOLD
WGQKYBSKWIADBV-UHFFFAOYSA-N,NCc1ccccc1,13.4,tier1,c1ccccc1
XTXRWKRVRITETP-UHFFFAOYSA-N,C=COC(C)=O,5.37,tier1,EMPTY_SCAFFOLD
ZWRUINPWMLAQRD-UHFFFAOYSA-N,CCCCCCCCCO,28.8,tier1,EMPTY_SCAFFOLD
AFFLGGQVNFXPEV-UHFFFAOYSA-N,C=CCCCCCCCC,13.807,tier1,EMPTY_SCAFFOLD
DOGIHOCMZJUJNR-UHFFFAOYSA-N,CCCCC(C)CCC,16.0,tier1,EMPTY_SCAFFOLD
MCSINKKTEDDPNK-UHFFFAOYSA-N,CCCOC(=O)CC,15.0,tier1,EMPTY_SCAFFOLD
MWKFXSUHUHTGQN-UHFFFAOYSA-N,CCCCCCCCCCO,37.656,tier1,EMPTY_SCAFFOLD
RRQYJINTUHWNHW-UHFFFAOYSA-N,CCOCCOCCOCC,27.1,tier1,EMPTY_SCAFFOLD
CYRMSUTZVYGINF-UHFFFAOYSA-N,FC(Cl)(Cl)Cl,6.897,tier1,EMPTY_SCAFFOLD
GGBJHURWWWLEQH-UHFFFAOYSA-N,CCCCC1CCCCC1,14.16,tier1,C1CCCCC1
GIEZWIDCIFCQPS-UHFFFAOYSA-N,CCC(C)(CC)CC,10.8,tier1,EMPTY_SCAFFOLD
ZPVFWPFBNIEHGJ-UHFFFAOYSA-N,CCCCCCC(C)=O,24.419,tier1,EMPTY_SCAFFOLD
IIYFAKIEWZDVMP-UHFFFAOYSA-N,CCCCCCCCCCCCC,28.501,tier1,EMPTY_SCAFFOLD
KBPCCVWUMVGXGF-UHFFFAOYSA-N,CC(C)CCCC(C)C,13.0,tier1,EMPTY_SCAFFOLD
LQZZUXJYWNFBMV-UHFFFAOYSA-N,CCCCCCCCCCCCO,31.38,tier1,EMPTY_SCAFFOLD
NPDACUSDTOMAMK-UHFFFAOYSA-N,Cc1ccc(Cl)cc1,12.98,tier1,c1ccccc1
ZLCSFXXPPANWQY-UHFFFAOYSA-N,CCc1cccc(C)c1,7.615,tier1,c1ccccc1
BGHCVCJVXZWKCC-UHFFFAOYSA-N,CCCCCCCCCCCCCC,45.07,tier1,EMPTY_SCAFFOLD
WWRCMNKATXZARA-UHFFFAOYSA-N,Cc1ccccc1C(C)C,10.0,tier1,c1ccccc1
CLZCPQKGOAXOJT-UHFFFAOYSA-N,CCC(CC)C(C)(C)C,10.2,tier1,EMPTY_SCAFFOLD
HHOSMYBYIHNXNO-UHFFFAOYSA-N,CC(C)CCC(C)(C)C,6.2,tier1,EMPTY_SCAFFOLD
HXVNBWAKAOHACI-UHFFFAOYSA-N,CC(C)C(=O)C(C)C,11.18,tier1,EMPTY_SCAFFOLD
QPJVMBTYPHYUOC-UHFFFAOYSA-N,COC(=O)c1ccccc1,9.736,tier1,c1ccccc1
LMAUULKNZLEMGN-UHFFFAOYSA-N,CCc1cc(C)cc(C)c1,8.954,tier1,c1ccccc1
QUKOJKFJIHSBKV-UHFFFAOYSA-N,CCC(C)(C)C(C)(C)C,2.3,tier1,EMPTY_SCAFFOLD
VZFMYOCAEQDWDY-UHFFFAOYSA-N,CC(C)C(C)C(C)(C)C,0.5,tier1,EMPTY_SCAFFOLD
PLAZTCDQAHEYBI-UHFFFAOYSA-N,Cc1ccccc1[N+](=O)[O-],11.476,tier1,c1ccccc1
WSFSSNUMVMOOMR-UHFFFAOYSA-N,C=O,7.05,tier1,EMPTY_SCAFFOLD
OPKOKAMJFNKNAS-UHFFFAOYSA-N,CNCCO,8.76,tier1,EMPTY_SCAFFOLD
VVJKKWFAADXIJK-UHFFFAOYSA-N,C=CCN,9.49,tier1,EMPTY_SCAFFOLD
PAAZPARNPHGIKF-UHFFFAOYSA-N,BrCCBr,10.962,tier1,EMPTY_SCAFFOLD
BDFAOUQQXJIZDG-UHFFFAOYSA-N,CC(C)CS,4.982,tier1,EMPTY_SCAFFOLD
QYZLKGVUSQXAMU-UHFFFAOYSA-N,C=CCC=C,6.073,tier1,EMPTY_SCAFFOLD
RFFFKMOABOFIDF-UHFFFAOYSA-N,CCCCC#N,4.728,tier1,EMPTY_SCAFFOLD
RMGHERXMTMUMMV-UHFFFAOYSA-N,COC(C)C,5.85,tier1,EMPTY_SCAFFOLD
VQTUBCCKSQIDNK-UHFFFAOYSA-N,C=C(C)C,5.931,tier1,EMPTY_SCAFFOLD
YLQBMQCUIZJEEH-UHFFFAOYSA-N,c1ccoc1,3.803,tier1,c1ccoc1
JARKCYVAAOWBJS-UHFFFAOYSA-N,CCCCCC=O,18.9,tier1,EMPTY_SCAFFOLD
NQRYJNQNLNOLGT-UHFFFAOYSA-N,C1CCNCC1,11.422,tier1,C1CCNCC1
VPIAKHNXCOTPAY-UHFFFAOYSA-N,CCCCCCCS,25.38,tier1,EMPTY_SCAFFOLD
IFTRQJLVEBNKJK-UHFFFAOYSA-N,CCC1CCCC1,6.87,tier1,C1CCCC1
ISWSIDIOOBJBQZ-UHFFFAOYSA-N,Oc1ccccc1,11.514,tier1,c1ccccc1
SBZXBUIDTXKZTM-UHFFFAOYSA-N,COCCOCCOC,13.586,tier1,EMPTY_SCAFFOLD
SNHMUERNLJLMHN-UHFFFAOYSA-N,Ic1ccccc1,9.749,tier1,c1ccccc1
TZYRSLHNPKPEFV-UHFFFAOYSA-N,CCC(CC)CO,8.22,tier1,EMPTY_SCAFFOLD
WMXCDAVJEZZYLT-UHFFFAOYSA-N,CC(C)(C)S,2.482,tier1,EMPTY_SCAFFOLD
WSSSPWUEQFSQQG-UHFFFAOYSA-N,C=CCC(C)C,3.556,tier1,EMPTY_SCAFFOLD
WWUVJRULCWHUSA-UHFFFAOYSA-N,C=C(C)CCC,7.029,tier1,EMPTY_SCAFFOLD
BAPJBEWLBFYGME-UHFFFAOYSA-N,C=CC(=O)OC,11.129,tier1,EMPTY_SCAFFOLD
CHBAWFGIXDBEBT-UHFFFAOYSA-N,CCCC(C)CCC,10.837,tier1,EMPTY_SCAFFOLD
JRZJOMJEPLMPRA-UHFFFAOYSA-N,C=CCCCCCCC,17.991,tier1,EMPTY_SCAFFOLD
KAESVJOAVNADME-UHFFFAOYSA-N,c1cc[nH]c1,7.908,tier1,c1cc[nH]c1
KDIAMAVWIJYWHN-UHFFFAOYSA-N,CCCC1CCCC1,10.033,tier1,C1CCCC1
NBRKLOOSMBRFMH-UHFFFAOYSA-N,CC(C)(C)Cl,2.092,tier1,EMPTY_SCAFFOLD
OWBTYPJTUOEWEK-UHFFFAOYSA-N,CC(O)C(C)O,11.3,tier1,EMPTY_SCAFFOLD
BZHMBWZPUJHVEE-UHFFFAOYSA-N,CC(C)CC(C)C,6.845,tier1,EMPTY_SCAFFOLD
DEDZSLCZHWTGOR-UHFFFAOYSA-N,CCCC1CCCCC1,10.372,tier1,C1CCCCC1
IBSQPLPBRSHTTG-UHFFFAOYSA-N,Cc1ccccc1Cl,8.37,tier1,c1ccccc1
JFDZBHWFFUWGJE-UHFFFAOYSA-N,N#Cc1ccccc1,10.878,tier1,c1ccccc1
RSJKGSCJYJTIGS-UHFFFAOYSA-N,CCCCCCCCCCC,22.179,tier1,EMPTY_SCAFFOLD
SEEOMASXHIJCDV-UHFFFAOYSA-N,CCCCCC(C)CC,17.0,tier1,EMPTY_SCAFFOLD
ZUBZATZOEPUUQF-UHFFFAOYSA-N,CCCCCCC(C)C,18.0,tier1,EMPTY_SCAFFOLD
BTMVHUNTONAYDX-UHFFFAOYSA-N,CCCCOC(=O)CC,17.2,tier1,EMPTY_SCAFFOLD
GWYFCOCPABKNJV-UHFFFAOYSA-N,CC(C)CC(=O)O,7.322,tier1,EMPTY_SCAFFOLD
QRMPKOFEUHIBNM-UHFFFAOYSA-N,CC1CCC(C)CC1,10.82,tier1,C1CCCCC1
RLSSMJSEOOYNOY-UHFFFAOYSA-N,Cc1cccc(O)c1,10.707,tier1,c1ccccc1
SNRUBQQJIBEYMU-UHFFFAOYSA-N,CCCCCCCCCCCC,36.836,tier1,EMPTY_SCAFFOLD
PNPCRKVUWYDDST-UHFFFAOYSA-N,Nc1cccc(Cl)c1,10.152,tier1,c1ccccc1
JSRLURSZEMLAFO-UHFFFAOYSA-N,Brc1cccc(Br)c1,13.22,tier1,c1ccccc1
NNBZCPXTIHJBJL-UHFFFAOYSA-N,C1CCC2CCCCC2C1,14.41,tier1,C1CCC2CCCCC2C1
SMWDFEZZVXVKRB-UHFFFAOYSA-N,c1ccc2ncccc2c1,10.8,tier1,c1ccc2ncccc2c1
FXNDIJDIPNCZQJ-UHFFFAOYSA-N,C=C(C)CC(C)(C)C,8.766,tier1,EMPTY_SCAFFOLD
SQYNKIJPMDEDEG-UHFFFAOYSA-N,CC1OC(C)OC(C)O1,13.844,tier1,C1OCOCO1
YCOZIPAWZNQLMR-UHFFFAOYSA-N,CCCCCCCCCCCCCCC,34.593,tier1,EMPTY_SCAFFOLD
CXWXQJXEFPUFDZ-UHFFFAOYSA-N,c1ccc2c(c1)CCCC2,12.45,tier1,c1ccc2c(c1)CCCC2
GETTZEONDQJALK-UHFFFAOYSA-N,FC(F)(F)c1ccccc1,13.782,tier1,c1ccccc1
XCYJPXQACVEIOS-UHFFFAOYSA-N,Cc1cccc(C(C)C)c1,13.682,tier1,c1ccccc1
ZMXIYERNXPIYFR-UHFFFAOYSA-N,CCc1cccc2ccccc12,16.3,tier1,c1ccc2ccccc2c1
BFIMMTCNYPIMRN-UHFFFAOYSA-N,Cc1cc(C)c(C)c(C)c1,10.72,tier1,c1ccccc1
FLKPEMZONWLCSK-UHFFFAOYSA-N,CCOC(=O)c1ccccc1C(=O)OCC,17.984,tier1,c1ccccc1
OTMSDBZUPAUEDD-UHFFFAOYSA-N,CC,2.859,tier1,EMPTY_SCAFFOLD
LCGLNKUTAGEVQW-UHFFFAOYSA-N,COC,4.937,tier1,EMPTY_SCAFFOLD
HZAXFHJVJLSVMW-UHFFFAOYSA-N,NCCO,20.496,tier1,EMPTY_SCAFFOLD
WQOXQRCZOLPYPM-UHFFFAOYSA-N,CSSC,9.192,tier1,EMPTY_SCAFFOLD
JJWKPURADFRFRB-UHFFFAOYSA-N,O=C=S,4.728,tier1,EMPTY_SCAFFOLD
KDKYADYSIPSCCQ-UHFFFAOYSA-N,C#CCC,6.029,tier1,EMPTY_SCAFFOLD
YPFDHNVEDLHUCE-UHFFFAOYSA-N,OCCCO,12.0,tier1,EMPTY_SCAFFOLD
FJKIXWOMBXYWOQ-UHFFFAOYSA-N,C=COCC,1.85,tier1,EMPTY_SCAFFOLD
WERYXYBDKMZEQL-UHFFFAOYSA-N,OCCCCO,16.3,tier1,EMPTY_SCAFFOLD
ZRKMQKLGEQPLNS-UHFFFAOYSA-N,CCCCCS,17.531,tier1,EMPTY_SCAFFOLD
AOHJOMMDDJHIJH-UHFFFAOYSA-N,CC(N)CN,18.423,tier1,EMPTY_SCAFFOLD
MTHSVFCYNBDYFN-UHFFFAOYSA-N,OCCOCCO,18.4,tier1,EMPTY_SCAFFOLD
PMBXCGGQNSVESQ-UHFFFAOYSA-N,CCCCCCS,18.01,tier1,EMPTY_SCAFFOLD
RPNUMPOLZDHAAY-UHFFFAOYSA-N,NCCNCCN,19.7,tier1,EMPTY_SCAFFOLD
SJNALLRHIVGIBI-UHFFFAOYSA-N,C=CCC#N,10.1,tier1,EMPTY_SCAFFOLD
VOPWNXZWBYDODV-UHFFFAOYSA-N,FC(F)Cl,4.123,tier1,EMPTY_SCAFFOLD
ZQDPJFUHLCOCRG-UHFFFAOYSA-N,CCC=CCC,9.6635,tier1,EMPTY_SCAFFOLD
AILKHAQXUAOOFU-UHFFFAOYSA-N,CCCCCC#N,16.62,tier1,EMPTY_SCAFFOLD
BRLQWZUYTZBJKN-UHFFFAOYSA-N,ClCC1CO1,10.46,tier1,C1CO1
OXHNLMTVIGZXSG-UHFFFAOYSA-N,Cn1cccc1,0.941,tier1,c1cc[nH]c1
SBASXUCJHJRPEV-UHFFFAOYSA-N,COCCOCCO,17.7,tier1,EMPTY_SCAFFOLD
UZKWTJUDCOPSNM-UHFFFAOYSA-N,C=COCCCC,13.8,tier1,EMPTY_SCAFFOLD
WJYIASZWHGOTOU-UHFFFAOYSA-N,CCCCCCCN,29.4,tier1,EMPTY_SCAFFOLD
YHQXBTXEYZIYOV-UHFFFAOYSA-N,C=CC(C)C,5.36,tier1,EMPTY_SCAFFOLD
BEQGRRJLJLVQAQ-UHFFFAOYSA-N,CC=C(C)CC,5.92,tier1,EMPTY_SCAFFOLD
DKGAVHZHDRPRBM-UHFFFAOYSA-N,CC(C)(C)O,6.694,tier1,EMPTY_SCAFFOLD
ITQTTZVARXURQS-UHFFFAOYSA-N,Cc1cccnc1,14.18,tier1,c1ccncc1
KZCOBXFFBQJQHH-UHFFFAOYSA-N,CCCCCCCCS,24.0,tier1,EMPTY_SCAFFOLD
LDTAOIUHUHHCMU-UHFFFAOYSA-N,C=CC(C)CC,3.6,tier1,EMPTY_SCAFFOLD
PAKGDPSCXSUALC-UHFFFAOYSA-N,C=C=C(C)C,7.956,tier1,EMPTY_SCAFFOLD
RYKZRKKEYSRDNF-UHFFFAOYSA-N,C=C(CC)CC,7.573,tier1,EMPTY_SCAFFOLD
XXJWXESWEXIICW-UHFFFAOYSA-N,CCOCCOCCO,16.3,tier1,EMPTY_SCAFFOLD
YBRBMKDOPFTVDT-UHFFFAOYSA-N,CC(C)(C)N,0.882,tier1,EMPTY_SCAFFOLD
YGYAWVDWMABLBF-UHFFFAOYSA-N,O=C(Cl)Cl,5.738,tier1,EMPTY_SCAFFOLD
PFCHFHIRKBAQGU-UHFFFAOYSA-N,CCCC(=O)CC,13.49,tier1,EMPTY_SCAFFOLD
QABLOFMHHSOFRJ-UHFFFAOYSA-N,COC(=O)CCl,11.288,tier1,EMPTY_SCAFFOLD
YPVPQMCSLFDIKA-UHFFFAOYSA-N,C=CC(CC)CC,5.02,tier1,EMPTY_SCAFFOLD
ZIBGPFATKBEMQZ-UHFFFAOYSA-N,OCCOCCOCCO,31.2,tier1,EMPTY_SCAFFOLD
DLRJIFUOBPOJNS-UHFFFAOYSA-N,CCOc1ccccc1,11.6,tier1,c1ccccc1
GYHFUZHODSMOHU-UHFFFAOYSA-N,CCCCCCCCC=O,34.5,tier1,EMPTY_SCAFFOLD
MHZGKXUYDGKKIU-UHFFFAOYSA-N,CCCCCCCCCCN,33.8,tier1,EMPTY_SCAFFOLD
OWWIWYDDISJUMY-UHFFFAOYSA-N,C=C(C)C(C)C,1.071,tier1,EMPTY_SCAFFOLD
PSVQKOKKLWHNRP-UHFFFAOYSA-N,CCCCC(CC)CC,16.0,tier1,EMPTY_SCAFFOLD
SJWFXCIHNDVPSH-UHFFFAOYSA-N,CCCCCCC(C)O,19.7,tier1,EMPTY_SCAFFOLD
WGLLSSPDPJPLOR-UHFFFAOYSA-N,CC(C)=C(C)C,6.452,tier1,EMPTY_SCAFFOLD
IALRSQMWHFKJJA-UHFFFAOYSA-N,CCCCCC(C)CCC,15.2,tier1,EMPTY_SCAFFOLD
OISVCGZHLKNMSJ-UHFFFAOYSA-N,Cc1cccc(C)n1,10.043,tier1,c1ccncc1
PLZDDPSCZHRBOY-UHFFFAOYSA-N,CCCCCCC(C)CC,18.8,tier1,EMPTY_SCAFFOLD
QEGNUYASOUJEHD-UHFFFAOYSA-N,CC1(C)CCCCC1,2.021,tier1,C1CCCCC1
TYSIILFJZXHVPU-UHFFFAOYSA-N,CCCCC(C)CCCC,16.6,tier1,EMPTY_SCAFFOLD
YFNKIDBQEZZDLK-UHFFFAOYSA-N,COCCOCCOCCOC,23.71,tier1,EMPTY_SCAFFOLD
BGXXXYLRPIRDHJ-UHFFFAOYSA-N,CCC(CC)(CC)CC,10.09,tier1,EMPTY_SCAFFOLD
CRSBERNSMYQZNG-UHFFFAOYSA-N,C=CCCCCCCCCCC,19.908,tier1,EMPTY_SCAFFOLD
NJBCRXCAPCODGX-UHFFFAOYSA-N,CC(C)CNCC(C)C,14.0,tier1,EMPTY_SCAFFOLD
PSABUFWDVWCFDP-UHFFFAOYSA-N,CCCCCC(C)(C)C,8.95,tier1,EMPTY_SCAFFOLD
VVQNEPGJFQJSBK-UHFFFAOYSA-N,C=C(C)C(=O)OC,14.435,tier1,EMPTY_SCAFFOLD
WWZKQHOCKIZLMA-UHFFFAOYSA-N,CCCCCCCC(=O)O,21.38,tier1,EMPTY_SCAFFOLD
AUYRUAVCWOAHQN-UHFFFAOYSA-N,C=C(C)C(C)(C)C,0.79,tier1,EMPTY_SCAFFOLD
AXIUBBVSOWPLDA-UHFFFAOYSA-N,CCc1cc(C)ccc1C,15.19,tier1,c1ccccc1
MEMBJMDZWKVOTB-UHFFFAOYSA-N,CCc1ccc(C)cc1C,12.93,tier1,c1ccccc1
VQOXUMQBYILCKR-UHFFFAOYSA-N,C=CCCCCCCCCCCC,22.83,tier1,EMPTY_SCAFFOLD
BWZVCCNYKMEVEX-UHFFFAOYSA-N,Cc1cc(C)nc(C)c1,9.535,tier1,c1ccncc1
LAAVYEUJEMRIGF-UHFFFAOYSA-N,CC(C)=CC(C)(C)C,6.794,tier1,EMPTY_SCAFFOLD
SWXVUIWOUIDPGS-UHFFFAOYSA-N,CC(=O)CC(C)(C)O,6.04,tier1,EMPTY_SCAFFOLD
DCAYPVUWAIABOU-UHFFFAOYSA-N,CCCCCCCCCCCCCCCC,53.358,tier1,EMPTY_SCAFFOLD
AQEFLFZSWDEAIP-UHFFFAOYSA-N,CC(C)(C)OC(C)(C)C,8.38,tier1,EMPTY_SCAFFOLD
NDJKXXJCMXVBJW-UHFFFAOYSA-N,CCCCCCCCCCCCCCCCC,40.459,tier1,EMPTY_SCAFFOLD
BNIXVQGCZULYKV-UHFFFAOYSA-N,ClC(Cl)C(Cl)(Cl)Cl,11.34,tier1,EMPTY_SCAFFOLD
UQEAIHBTYFGYIE-UHFFFAOYSA-N,C[Si](C)(C)O[Si](C)(C)C,11.92,tier1,EMPTY_SCAFFOLD
LSDPWZHWYPCBBB-UHFFFAOYSA-N,CS,5.904,tier1,EMPTY_SCAFFOLD
XOBKSJJDNFUZPF-UHFFFAOYSA-N,CCOC,7.98,tier1,EMPTY_SCAFFOLD
ZHNUHDYFZUAESO-UHFFFAOYSA-N,N=CO,7.98,tier1,EMPTY_SCAFFOLD
ATHHXGZTWNVVOU-UHFFFAOYSA-N,CN=CO,14.3,tier1,EMPTY_SCAFFOLD
QMMOXUPEWRXHJS-UHFFFAOYSA-N,CC=CCC,7.732,tier1,EMPTY_SCAFFOLD
ALQSHHUCVQOPAS-UHFFFAOYSA-N,OCCCCCO,15.728,tier1,EMPTY_SCAFFOLD
HXKKHQJGJAFBHI-UHFFFAOYSA-N,CC(O)CN,13.557,tier1,EMPTY_SCAFFOLD
KFUSEUYYWQURPO-UHFFFAOYSA-N,ClC=CCl,9.594,tier1,EMPTY_SCAFFOLD
PMJHHCWVYXUKFD-UHFFFAOYSA-N,C=CC=CC,6.3915,tier1,EMPTY_SCAFFOLD
PZHIWRCQKBBTOW-UHFFFAOYSA-N,CCCCOCC,12.5,tier1,EMPTY_SCAFFOLD
RAOIDOHSFRTOEL-UHFFFAOYSA-N,C1CCSC1,7.351,tier1,C1CCSC1
RYPKRALMXUUNKS-UHFFFAOYSA-N,CC=CCCC,8.5565,tier1,EMPTY_SCAFFOLD
APQIUTYORBAGEZ-UHFFFAOYSA-N,CC(Br)Br,10.63,tier1,EMPTY_SCAFFOLD
PEDCQBHIVMGVHV-UHFFFAOYSA-N,OCC(O)CO,18.284,tier1,EMPTY_SCAFFOLD
PUPZLCDOIYMWBV-UHFFFAOYSA-N,CC(O)CCO,8.32,tier1,EMPTY_SCAFFOLD
RMVRSNDYEFQCLF-UHFFFAOYSA-N,Sc1ccccc1,11.45,tier1,c1ccccc1
YEJRWHAVMIAJKC-UHFFFAOYSA-N,O=C1CCCO1,9.57,tier1,O=C1CCCO1
IRUDSQHLKGNCGF-UHFFFAOYSA-N,C=C(C)CCCC,13.0,tier1,EMPTY_SCAFFOLD
KVZJLSYJROEPSQ-UHFFFAOYSA-N,CC1CCCCC1C,6.0335,tier1,C1CCCCC1
UAOMVDZJSHZZME-UHFFFAOYSA-N,CC(C)NC(C)C,6.53,tier1,EMPTY_SCAFFOLD
VTXVGVNLYGSIAR-UHFFFAOYSA-N,CCCCCCCCCCS,31.0,tier1,EMPTY_SCAFFOLD
XAZKFISIRYLAEE-UHFFFAOYSA-N,CC1CCC(C)C1,3.702,tier1,C1CCCC1
CZDYPVPMEAXLPK-UHFFFAOYSA-N,C[Si](C)(C)C,6.874,tier1,EMPTY_SCAFFOLD
DCTOHCCUXLBQMS-UHFFFAOYSA-N,C=CCCCCCCCCC,16.991,tier1,EMPTY_SCAFFOLD
KJIOQYGWTQBHNH-UHFFFAOYSA-N,CCCCCCCCCCCO,37.4,tier1,EMPTY_SCAFFOLD
SGVYKUFIHHTIFL-UHFFFAOYSA-N,CCCCCCCC(C)C,17.5,tier1,EMPTY_SCAFFOLD
WASQWSOJHCZDFK-UHFFFAOYSA-N,C=C1CC(=O)O1,14.43,tier1,C=C1CC(=O)O1
FAGUFWYHJQFNRV-UHFFFAOYSA-N,NCCNCCNCCNCCN,33.2,tier1,EMPTY_SCAFFOLD
CHIKRULMSSADAF-UHFFFAOYSA-N,CCc1c(C)cccc1C,14.71,tier1,c1ccccc1
FBUKVWPVBMHYJY-UHFFFAOYSA-N,CCCCCCCCC(=O)O,20.3,tier1,EMPTY_SCAFFOLD
XYLMUPLGERFSHI-UHFFFAOYSA-N,C=C(C)c1ccccc1,11.924,tier1,c1ccccc1
HFDVRLIODXPAHB-UHFFFAOYSA-N,C=CCCCCCCCCCCCC,25.47,tier1,EMPTY_SCAFFOLD
LBNXAWYDQUGHGX-UHFFFAOYSA-N,CCCCCCCc1ccccc1,19.3,tier1,c1ccccc1
CDKDZKXSXLNROY-UHFFFAOYSA-N,CCCCCCCCc1ccccc1,22.5,tier1,c1ccccc1
SBUYFICWQNHBCM-UHFFFAOYSA-N,CCc1ccc(C)c(C)c1,12.05,tier1,c1ccccc1
GQEZCXVZFLOKMC-UHFFFAOYSA-N,C=CCCCCCCCCCCCCCC,30.192,tier1,EMPTY_SCAFFOLD
VGGSQFUCUMXWEO-UHFFFAOYSA-N,C=C,3.351,tier1,EMPTY_SCAFFOLD
IAQRGUVFOMOMEM-UHFFFAOYSA-N,CC=CC,8.534,tier1,EMPTY_SCAFFOLD
LVZWSLJZHVFIQJ-UHFFFAOYSA-N,C1CC1,5.439,tier1,C1CC1
WUGQZFFCHPXWKQ-UHFFFAOYSA-N,NCCCO,15.9,tier1,EMPTY_SCAFFOLD
PMPVIKIVABFJJI-UHFFFAOYSA-N,C1CCC1,1.088,tier1,C1CCC1
WSGYTJNNHPZFKR-UHFFFAOYSA-N,N#CCCO,7.55,tier1,EMPTY_SCAFFOLD
OOWFYDWAMOKVSF-UHFFFAOYSA-N,COCCC#N,15.9,tier1,EMPTY_SCAFFOLD
YEYKMVJDLWJFOA-UHFFFAOYSA-N,CCCOCCO,11.4,tier1,EMPTY_SCAFFOLD
OTTZHAVKAVGASB-UHFFFAOYSA-N,CC=CCCCC,12.0,tier1,EMPTY_SCAFFOLD
VEZXCJBBBCKRPI-UHFFFAOYSA-N,O=C1CCO1,9.41,tier1,O=C1CCO1
WOFDVDFSGLBFAC-UHFFFAOYSA-N,CC(O)C#N,12.8,tier1,EMPTY_SCAFFOLD
JMMZCWZIJXAGKW-UHFFFAOYSA-N,CCC=C(C)C,8.033,tier1,EMPTY_SCAFFOLD
FJDUDHYHRVPMJZ-UHFFFAOYSA-N,CCCCCCCCCN,34.3,tier1,EMPTY_SCAFFOLD
HKOOXMFOFWEVGF-UHFFFAOYSA-N,NNc1ccccc1,16.429,tier1,c1ccccc1
SUWJESCICIOQHO-UHFFFAOYSA-N,C=CCC(C)CC,7.5,tier1,EMPTY_SCAFFOLD
VILCJCGEZXAXTO-UHFFFAOYSA-N,NCCNCCNCCN,33.4,tier1,EMPTY_SCAFFOLD
MLPVBIWIRCKMJV-UHFFFAOYSA-N,CCc1ccccc1N,12.2,tier1,c1ccccc1
PKXHXOTZMFCXSH-UHFFFAOYSA-N,C=CC(C)(C)C,1.07,tier1,EMPTY_SCAFFOLD
GSEJCLTVZPLZKY-UHFFFAOYSA-N,OCCN(CCO)CCO,27.191,tier1,EMPTY_SCAFFOLD
HUAZGNHGCJGYNP-UHFFFAOYSA-N,CCCOC(=O)CCC,17.8,tier1,EMPTY_SCAFFOLD
NWKBSEBOBPHMKL-UHFFFAOYSA-N,C[SiH](Cl)Cl,9.87,tier1,EMPTY_SCAFFOLD
SGVUHPSBDNVHKL-UHFFFAOYSA-N,CC1CCCC(C)C1,10.3435,tier1,C1CCCCC1
UWHCKJMYHZGTIT-UHFFFAOYSA-N,OCCOCCOCCOCCO,36.6,tier1,EMPTY_SCAFFOLD
LTEQMZWBSYACLV-UHFFFAOYSA-N,CCCCCCc1ccccc1,18.41,tier1,c1ccccc1
QUBBAXISAHIDNM-UHFFFAOYSA-N,CCc1cccc(C)c1C,13.64,tier1,c1ccccc1
SVTBMSDMJJWYQN-UHFFFAOYSA-N,CC(O)CC(C)(C)O,14.8,tier1,EMPTY_SCAFFOLD
KZVBBTZJMSWGTK-UHFFFAOYSA-N,CCCCOCCOCCOCCCC,30.6,tier1,EMPTY_SCAFFOLD
PJLHTVIBELQURV-UHFFFAOYSA-N,C=CCCCCCCCCCCCCC,29.57,tier1,EMPTY_SCAFFOLD
RFCAUADVODFSLZ-UHFFFAOYSA-N,FC(F)(F)C(F)(F)Cl,1.878,tier1,EMPTY_SCAFFOLD
UZILCZKGXMQEQR-UHFFFAOYSA-N,CCCCCCCCCCc1ccccc1,32.635,tier1,c1ccccc1
USIUVYZYUHIAEV-UHFFFAOYSA-N,c1ccc(Oc2ccccc2)cc1,17.216,tier1,c1ccc(Oc2ccccc2)cc1
BSZXAFXFTLXUFV-UHFFFAOYSA-N,CC(c1ccccc1)c1ccccc1,17.573,tier1,c1ccc(Cc2ccccc2)cc1
ZQBFAOFFOQMSGJ-UHFFFAOYSA-N,Fc1c(F)c(F)c(F)c(F)c1F,11.59,tier1,c1ccccc1
INLLPKCGLOXCIV-UHFFFAOYSA-N,C=CBr,5.504,tier1,EMPTY_SCAFFOLD
XJRBAMWJDBPFIM-UHFFFAOYSA-N,C=COC,5.99,tier1,EMPTY_SCAFFOLD
JMANVNJQNLATNU-UHFFFAOYSA-N,N#CC#N,6.109,tier1,EMPTY_SCAFFOLD
QNRMTGGDHLBXQZ-UHFFFAOYSA-N,C=C=CC,6.962,tier1,EMPTY_SCAFFOLD
QYKIQEUNHZKYBP-UHFFFAOYSA-N,C=COC=C,7.95,tier1,EMPTY_SCAFFOLD
WZHKDGJSXCTSCK-UHFFFAOYSA-N,CCC=CCCC,10.5,tier1,EMPTY_SCAFFOLD
DKIDEFUBRARXTE-UHFFFAOYSA-N,O=C(O)CCS,16.97,tier1,EMPTY_SCAFFOLD
LGAQJENWWYGFSN-UHFFFAOYSA-N,CC=CC(C)C,7.2595,tier1,EMPTY_SCAFFOLD
RIRARCHMRDHZAR-UHFFFAOYSA-N,CC1CCCC1C,4.412,tier1,C1CCCC1
ZTOMUSMDRMJOTH-UHFFFAOYSA-N,N#CCCCC#N,12.58,tier1,EMPTY_SCAFFOLD
BTGRAWJCKBQKAO-UHFFFAOYSA-N,N#CCCCCC#N,23.076,tier1,EMPTY_SCAFFOLD
LDHQCZJRKDOVOX-UHFFFAOYSA-N,CC=CC(=O)O,12.979,tier1,EMPTY_SCAFFOLD
NDVWOBYBJYUSMF-UHFFFAOYSA-N,CC1CCCCC1O,11.07,tier1,C1CCCCC1
XTUVJUMINZSXGF-UHFFFAOYSA-N,CNC1CCCCC1,11.6,tier1,C1CCCCC1
ZVEZMVFBMOOHAT-UHFFFAOYSA-N,CCCCCCCCCS,33.0,tier1,EMPTY_SCAFFOLD
AXPZDYVDTMMLNB-UHFFFAOYSA-N,CCOCc1ccccc1,15.4,tier1,c1ccccc1
IWDCLRJOBJJRNH-UHFFFAOYSA-N,Cc1ccc(O)cc1,12.707,tier1,c1ccccc1
KSMVZQYAVGTKIV-UHFFFAOYSA-N,CCCCCCCCCC=O,34.5,tier1,EMPTY_SCAFFOLD
MNWFXJYAOYHMED-UHFFFAOYSA-N,CCCCCCC(=O)O,15.437,tier1,EMPTY_SCAFFOLD
VYXHVRARDIDEHS-UHFFFAOYSA-N,C1=CCCC=CCC1,9.828,tier1,C1=CCCC=CCC1
BPIUIOXAFBGMNB-UHFFFAOYSA-N,CCCCCCOCCCCCC,30.5,tier1,EMPTY_SCAFFOLD
PWATWSYOIIXYMA-UHFFFAOYSA-N,CCCCCc1ccccc1,15.24,tier1,c1ccccc1
WNAHIZMDSQCWRP-UHFFFAOYSA-N,CCCCCCCCCCCCS,39.0,tier1,EMPTY_SCAFFOLD
FPZWZCWUIYYYBU-UHFFFAOYSA-N,CCOCCOCCOC(C)=O,25.4,tier1,EMPTY_SCAFFOLD
JLUFWMXJHAVVNN-UHFFFAOYSA-N,C[Si](Cl)(Cl)Cl,8.945,tier1,EMPTY_SCAFFOLD
STWFZICHPLEOIC-UHFFFAOYSA-N,CCCCCCCCCCC1CCCCC1,38.6,tier1,C1CCCCC1
CZZYITDELCSZES-UHFFFAOYSA-N,c1ccc(Cc2ccccc2)cc1,18.242,tier1,c1ccc(Cc2ccccc2)cc1
MHDVGSVTJDSBDK-UHFFFAOYSA-N,c1ccc(COCc2ccccc2)cc1,20.209,tier1,c1ccc(COCc2ccccc2)cc1
HMMGMWAXVFQUOA-UHFFFAOYSA-N,C[Si]1(C)O[Si](C)(C)O[Si](C)(C)O[Si](C)(C)O1,18.0,tier1,O1[SiH2]O[SiH2]O[SiH2]O[SiH2]1
ZBCBWPMODOFKDW-UHFFFAOYSA-N,OCCNCCO,25.104,tier1,EMPTY_SCAFFOLD
RMIODHQZRUFFFF-UHFFFAOYSA-N,COCC(=O)O,10.5,tier1,EMPTY_SCAFFOLD
UJPMYEOUBPIPHQ-UHFFFAOYSA-N,CC(F)(F)F,6.192,tier1,EMPTY_SCAFFOLD
QWVGKYWNOKOFNN-UHFFFAOYSA-N,Cc1ccccc1O,15.82,tier1,c1ccccc1
JVTAAEKCZFNVCJ-UHFFFAOYSA-N,CC(O)C(=O)O,11.35,tier1,EMPTY_SCAFFOLD
CCIDWXHLGNEQSL-UHFFFAOYSA-N,CCCCCCCCCCCS,39.9,tier1,EMPTY_SCAFFOLD
NGDNVOAEIVQRFH-UHFFFAOYSA-N,CCCCCCCC(C)O,14.3,tier1,EMPTY_SCAFFOLD
YBYIRNPNPLQARY-UHFFFAOYSA-N,C1=Cc2ccccc2C1,10.2,tier1,C1=Cc2ccccc2C1
KUFFULVDNCHOFZ-UHFFFAOYSA-N,Cc1ccc(O)c(C)c1,12.84,tier1,c1ccccc1
LIXVMPBOGDCSRM-UHFFFAOYSA-N,CCCCCCCCCc1ccccc1,28.87,tier1,c1ccccc1
NKJOXAZJBOMXID-UHFFFAOYSA-N,CCCCCCCCOCCCCCCCC,47.6,tier1,EMPTY_SCAFFOLD
IGARGHRYKHJQSM-UHFFFAOYSA-N,c1ccc(C2CCCCC2)cc1,15.27,tier1,c1ccc(C2CCCCC2)cc1
RZJRJXONCZWCBN-UHFFFAOYSA-N,CCCCCCCCCCCCCCCCCC,61.965,tier1,EMPTY_SCAFFOLD
CCCMONHAUSKTEQ-UHFFFAOYSA-N,C=CCCCCCCCCCCCCCCCC,32.6,tier1,EMPTY_SCAFFOLD
NHLUYCJZUXOUBX-UHFFFAOYSA-N,C=CCCCCCCCCCCCCCCCCC,33.5,tier1,EMPTY_SCAFFOLD
XNMQEEKYCVKGBD-UHFFFAOYSA-N,CC#CC,9.234,tier1,EMPTY_SCAFFOLD
UUAGAQFQZIEFAH-UHFFFAOYSA-N,FC(F)=C(F)Cl,5.553,tier1,EMPTY_SCAFFOLD
AWJUIBRHMBBTKR-UHFFFAOYSA-N,c1ccc2cnccc2c1,13.18,tier1,c1ccc2cnccc2c1
ZUHZGEOKBKGPSW-UHFFFAOYSA-N,COCCOCCOCCOCCOC,25.4,tier1,EMPTY_SCAFFOLD
RUVINXPYWBROJD-UHFFFAOYSA-N,CC=Cc1ccc(OC)cc1,16.01,tier1,c1ccccc1
URGSMJLDEFDWNX-UHFFFAOYSA-N,CCCCc1cccc2ccccc12,25.1,tier1,c1ccc2ccccc2c1
XBEADGFTLHRJRB-UHFFFAOYSA-N,CCCCCCCCCCCc1ccccc1,36.0,tier1,c1ccccc1
ZUOUZKKEUPVFJK-UHFFFAOYSA-N,c1ccc(-c2ccccc2)cc1,18.577,tier1,c1ccc(-c2ccccc2)cc1
VUNCWTMEJYMOOR-UHFFFAOYSA-N,ClC1=C(Cl)C(Cl)(Cl)C(Cl)=C1Cl,11.402,tier1,C1=CCC=C1
VNWKTOKETHGBQD-UHFFFAOYSA-N,C,0.941,tier1,EMPTY_SCAFFOLD
HSFWRNGVRCDJHI-UHFFFAOYSA-N,C#C,3.766,tier1,EMPTY_SCAFFOLD
CURLTUGMZLYLDI-UHFFFAOYSA-N,O=C=O,9.019,tier1,EMPTY_SCAFFOLD
XPDWGBQVDMORPB-UHFFFAOYSA-N,FC(F)F,4.059,tier1,EMPTY_SCAFFOLD
ORTVZLZNOYNASJ-UHFFFAOYSA-N,OCC=CCO,14.5,tier1,EMPTY_SCAFFOLD
BCGCCTGNWPKXJL-UHFFFAOYSA-N,N#CCCOCCC#N,17.2,tier1,EMPTY_SCAFFOLD
RZXMPPFPUUCRFN-UHFFFAOYSA-N,Cc1ccc(N)cc1,18.912,tier1,c1ccccc1
KMPQYAYAQWNLME-UHFFFAOYSA-N,CCCCCCCCCCC=O,38.33,tier1,EMPTY_SCAFFOLD
HFJRKMMYBMWEAD-UHFFFAOYSA-N,CCCCCCCCCCCC=O,42.21,tier1,EMPTY_SCAFFOLD
UFWIBTONFRDIAS-UHFFFAOYSA-N,c1ccc2ccccc2c1,18.979,tier1,c1ccc2ccccc2c1
BGEHHAVMRVXCGR-UHFFFAOYSA-N,CCCCCCCCCCCCC=O,46.1,tier1,EMPTY_SCAFFOLD
QIMMUPPBPVKWKM-UHFFFAOYSA-N,Cc1ccc2ccccc2c1,12.125,tier1,c1ccc2ccccc2c1
LDCRTTXIJACKKU-UHFFFAOYSA-N,COC(=O)C=CC(=O)OC,14.64,tier1,EMPTY_SCAFFOLD
MCVUKOYZUCWLQQ-UHFFFAOYSA-N,CCCCCCCCCCCCCc1ccccc1,43.932,tier1,c1ccccc1
PJANXHGTPQOBST-UHFFFAOYSA-N,C(=Cc1ccccc1)c1ccccc1,27.828,tier1,C(=Cc1ccccc1)c1ccccc1
BCCOBQSFUDVTJQ-UHFFFAOYSA-N,FC1(F)C(F)(F)C(F)(F)C1(F)F,2.77,tier1,C1CCC1
BPRJQFIHEGORJE-UHFFFAOYSA-N,CC(CO)OC(C)CO.CC(O)COCC(C)O,22.7,tier1,EMPTY_SCAFFOLD
AKCRQHGQIJBRMN-UHFFFAOYSA-N,Nc1ccccc1Cl,11.883,tier1,c1ccccc1
BFKJFAAPBSQJPD-UHFFFAOYSA-N,FC(F)=C(F)F,7.715,tier1,EMPTY_SCAFFOLD
PLLBRTOLHQQAQQ-UHFFFAOYSA-N,CC(C)CCCCCCCO,17.3,tier1,EMPTY_SCAFFOLD
OCJBOOLMMGQPQU-UHFFFAOYSA-N,Clc1ccc(Cl)cc1,18.2,tier1,c1ccccc1
SIKJAQJRHWYJAI-UHFFFAOYSA-N,c1ccc2[nH]ccc2c1,9.0,tier1,c1ccc2[nH]ccc2c1
BXWNKGSJHAJOGX-UHFFFAOYSA-N,CCCCCCCCCCCCCCCCO,58.38,tier1,EMPTY_SCAFFOLD
DQDNKQWGBZFFRA-UHFFFAOYSA-N,C#CCCCCCCCCCCCCCCC,31.4,tier1,EMPTY_SCAFFOLD
DMBHHRLKUKUOEG-UHFFFAOYSA-N,c1ccc(Nc2ccccc2)cc1,18.702,tier1,c1ccc(Nc2ccccc2)cc1
CWRYPZZKDGJXCA-UHFFFAOYSA-N,c1cc2c3c(cccc3c1)CC2,21.462,tier1,c1cc2c3c(cccc3c1)CC2
KWKXNDCHNDYVRT-UHFFFAOYSA-N,CCCCCCCCCCCCc1ccccc1,40.166,tier1,c1ccccc1
MWPLVEDNUUSJAV-UHFFFAOYSA-N,c1ccc2cc3ccccc3cc2c1,29.37,tier1,c1ccc2cc3ccccc3cc2c1
RWCCWEUUXYIKHB-UHFFFAOYSA-N,O=C(c1ccccc1)c1ccccc1,16.903,tier1,O=C(c1ccccc1)c1ccccc1
YNPNZTXNASCQKK-UHFFFAOYSA-N,c1ccc2c(c1)ccc1ccccc12,16.463,tier1,c1ccc2c(c1)ccc1ccccc12
CKAPSXZOOQJIBF-UHFFFAOYSA-N,Clc1c(Cl)c(Cl)c(Cl)c(Cl)c1Cl,25.52,tier1,c1ccccc1
GHMLBKRAJCXXBS-UHFFFAOYSA-N,Oc1cccc(O)c1,21.0,tier1,c1ccccc1
HORNXRXVQWOLPJ-UHFFFAOYSA-N,Oc1cccc(Cl)c1,13.6,tier1,c1ccccc1
NXXYKOUNUYWIHA-UHFFFAOYSA-N,Cc1cccc(C)c1O,15.2,tier1,c1ccccc1
QWBBPBRQALCEIZ-UHFFFAOYSA-N,Cc1cccc(O)c1C,19.87,tier1,c1ccccc1
YCOXTKKNXUZSKD-UHFFFAOYSA-N,Cc1ccc(O)cc1C,13.14,tier1,c1ccccc1
ZBTMRBYMKUEVEU-UHFFFAOYSA-N,Cc1ccc(Br)cc1,14.932,tier1,c1ccccc1
XFRVVPUIAFSTFO-UHFFFAOYSA-N,CCCCCCCCCCCCCO,45.12,tier1,EMPTY_SCAFFOLD
HLZKNKRTKFSKGZ-UHFFFAOYSA-N,CCCCCCCCCCCCCCO,49.51,tier1,EMPTY_SCAFFOLD
TUAMRELNJMMDMT-UHFFFAOYSA-N,Cc1cc(C)cc(O)c1,17.41,tier1,c1ccccc1
SQNZJJAZBFDUTD-UHFFFAOYSA-N,Cc1cc(C)c(C)cc1C,21.004,tier1,c1ccccc1
CBFCDTFDPHXCNY-UHFFFAOYSA-N,CCCCCCCCCCCCCCCCCCCC,69.873,tier1,EMPTY_SCAFFOLD
VBZWSGALLODQNC-UHFFFAOYSA-N,O=C(C(F)(F)F)C(F)(F)F,6.38,tier1,EMPTY_SCAFFOLD
QIQXTHQIDYTFRH-UHFFFAOYSA-N,CCCCCCCCCCCCCCCCCC(=O)O,61.209,tier1,EMPTY_SCAFFOLD
QYSGYZVSCZSLHT-UHFFFAOYSA-N,FC(F)(F)C(F)(F)C(F)(F)F,0.477,tier1,EMPTY_SCAFFOLD
TYMLOMAKGOJONV-UHFFFAOYSA-N,Nc1ccc([N+](=O)[O-])cc1,21.087,tier1,c1ccccc1
XJCVRTZCHMZPBD-UHFFFAOYSA-N,Nc1cccc([N+](=O)[O-])c1,23.681,tier1,c1ccccc1
ZPTVNYMJQHSSEA-UHFFFAOYSA-N,Cc1ccc([N+](=O)[O-])cc1,16.676,tier1,c1ccccc1
BGJSXRVXTHVRSN-UHFFFAOYSA-N,C1OCOCO1,14.823,tier1,C1OCOCO1
UGFAIRIUMAVXCW-UHFFFAOYSA-N,[C-]#[O+],0.841,tier1,EMPTY_SCAFFOLD
KPSSIOMAKSHJJG-UHFFFAOYSA-N,CC(C)(C)CO,12.5,tier1,EMPTY_SCAFFOLD
LHGVFZTZFXWLCP-UHFFFAOYSA-N,COc1ccccc1O,12.5,tier1,c1ccccc1
QIGBRXMKCJKVMJ-UHFFFAOYSA-N,Oc1ccc(O)cc1,27.108,tier1,c1ccccc1
WPYMKLBDIGXBTP-UHFFFAOYSA-N,O=C(O)c1ccccc1,18.075,tier1,c1ccccc1
NKTOLZVEWDHZMU-UHFFFAOYSA-N,Cc1ccc(C)c(O)c1,13.9,tier1,c1ccccc1
WNLRTRBMVRJNCN-UHFFFAOYSA-N,O=C(O)CCCCC(=O)O,16.7,tier1,EMPTY_SCAFFOLD
LQERIDTXQFOHKA-UHFFFAOYSA-N,CCCCCCCCCCCCCCCCCCC,45.815,tier1,EMPTY_SCAFFOLD
TUNFSRHWOTWDNC-UHFFFAOYSA-N,CCCCCCCCCCCCCC(=O)O,45.1,tier1,EMPTY_SCAFFOLD
DPJCXCZTLWNFOH-UHFFFAOYSA-N,Nc1ccccc1[N+](=O)[O-],16.108,tier1,c1ccccc1
IPCSVZSSVZVIGE-UHFFFAOYSA-N,CCCCCCCCCCCCCCCC(=O)O,53.711,tier1,EMPTY_SCAFFOLD
NIHNNTQXNPWCJQ-UHFFFAOYSA-N,c1ccc2c(c1)Cc1ccccc1-2,19.578,tier1,c1ccc2c(c1)Cc1ccccc1-2
DLFVBJFMPXGRIB-UHFFFAOYSA-N,CC(N)=O,15.707,tier1,EMPTY_SCAFFOLD
IAHFWCOBPZCAEA-UHFFFAOYSA-N,N#CCCC#N,3.703,tier1,EMPTY_SCAFFOLD
XXMIOPMDWAUFGU-UHFFFAOYSA-N,OCCCCCCO,26.8,tier1,EMPTY_SCAFFOLD
KMTRUDSVKNLOMY-UHFFFAOYSA-N,O=C1OCCO1,10.042,tier1,O=C1OCCO1
YCIMNLLNPGFGHC-UHFFFAOYSA-N,Oc1ccccc1O,22.76,tier1,c1ccccc1
HTSABYAWKQAHBT-UHFFFAOYSA-N,CC1CCCC(O)C1,12.0,tier1,C1CCCCC1
LVTYICIALWPMFW-UHFFFAOYSA-N,CC(O)CNCC(C)O,18.7,tier1,EMPTY_SCAFFOLD
QSNSCYSYFYORTR-UHFFFAOYSA-N,Nc1ccc(Cl)cc1,19.84,tier1,c1ccccc1
FPYJFEHAWHCUMM-UHFFFAOYSA-N,O=C1C=CC(=O)O1,13.55,tier1,O=C1C=CC(=O)O1
JOOXCMJARBKPKM-UHFFFAOYSA-N,CC(=O)CCC(=O)O,9.22,tier1,EMPTY_SCAFFOLD
GHVNFZFCNZKVNT-UHFFFAOYSA-N,CCCCCCCCCC(=O)O,27.798,tier1,EMPTY_SCAFFOLD
POULHZVOKOAJMA-UHFFFAOYSA-N,CCCCCCCCCCCC(=O)O,36.295,tier1,EMPTY_SCAFFOLD
TXCDCPKCNAJMEE-UHFFFAOYSA-N,c1ccc2c(c1)oc1ccccc12,22.7,tier1,c1ccc2c(c1)oc1ccccc12
BBEAQIROQSPTKN-UHFFFAOYSA-N,c1cc2ccc3cccc4ccc(c1)c2c34,17.36,tier1,c1cc2ccc3cccc4ccc(c1)c2c34
ULBTUVJTXULMLP-UHFFFAOYSA-N,CCCCCCCCCCCCCCCCCC(=O)OCCCC,58.902,tier1,EMPTY_SCAFFOLD
GVEPBJHOBDJJJI-UHFFFAOYSA-N,c1ccc2c(c1)-c1cccc3cccc-2c13,18.73,tier1,c1ccc2c(c1)-c1cccc3cccc-2c13
SNIOPGDIGTZGOP-UHFFFAOYSA-N,O=[N+]([O-])OCC(CO[N+](=O)[O-])O[N+](=O)[O-],26.6,tier1,EMPTY_SCAFFOLD
OHLUUHNLEMFGTQ-UHFFFAOYSA-N,CNC(C)=O,16.3,tier1,EMPTY_SCAFFOLD
TXEYQDLBPFQVAA-UHFFFAOYSA-N,FC(F)(F)F,0.712,tier1,EMPTY_SCAFFOLD
HXDOZKJGKXYMEW-UHFFFAOYSA-N,CCc1ccc(O)cc1,17.0,tier1,c1ccccc1
WXNZTHHGJRFXKQ-UHFFFAOYSA-N,Oc1ccc(Cl)cc1,13.6,tier1,c1ccccc1
RGHHSNMVTDWUBI-UHFFFAOYSA-N,O=Cc1ccc(O)cc1,24.0,tier1,c1ccccc1
FZERHIULMFGESH-UHFFFAOYSA-N,CC(=O)Nc1ccccc1,21.653,tier1,c1ccccc1
YGSDEFSMJLZEOE-UHFFFAOYSA-N,O=C(O)c1ccccc1O,19.585,tier1,c1ccccc1
ZWLPBLYKEWSWPD-UHFFFAOYSA-N,Cc1ccccc1C(=O)O,20.167,tier1,c1ccccc1
GLDOVTGHNKAZLK-UHFFFAOYSA-N,CCCCCCCCCCCCCCCCCCO,74.057,tier1,EMPTY_SCAFFOLD
DSSYKIVIOFKYAU-UHFFFAOYSA-N,CC12CCC(CC1=O)C2(C)C,6.82,tier1,O=C1CC2CCC1C2
VHHHONWQHHHLTI-UHFFFAOYSA-N,ClC(Cl)(Cl)C(Cl)(Cl)Cl,9.749,tier1,EMPTY_SCAFFOLD
KMAQZIILEGKYQZ-UHFFFAOYSA-N,O=[N+]([O-])c1cccc(Cl)c1,20.782,tier1,c1ccccc1
CUONGYYJJVDODC-UHFFFAOYSA-N,N#CCC#N,10.79,tier1,EMPTY_SCAFFOLD
JBKVHLHDHHXQEQ-UHFFFAOYSA-N,O=C1CCCCCN1,16.134,tier1,O=C1CCCCCN1
VTBOTOBFGSVRMA-UHFFFAOYSA-N,CC1(O)CCCCC1,7.06,tier1,C1CCCCC1
JRBPAEWTRLWTQC-UHFFFAOYSA-N,CCCCCCCCCCCCN,43.5,tier1,EMPTY_SCAFFOLD
IKCLCGXPQILATA-UHFFFAOYSA-N,O=C(O)c1ccccc1Cl,25.756,tier1,c1ccccc1
WMIYKQLTONQJES-UHFFFAOYSA-N,FC(F)(F)C(F)(F)F,2.686,tier1,EMPTY_SCAFFOLD
LPNBBFKOUUSUDB-UHFFFAOYSA-N,Cc1ccc(C(=O)O)cc1,22.719,tier1,c1ccccc1
GOQYKNQRPGWPLP-UHFFFAOYSA-N,CCCCCCCCCCCCCCCCCO,64.0,tier1,EMPTY_SCAFFOLD
LGRFSURHDFAFJT-UHFFFAOYSA-N,O=C1OC(=O)c2ccccc21,23.43,tier1,O=C1OC(=O)c2ccccc21
HECLRDQVFMWTQS-UHFFFAOYSA-N,C1=CC2C3C=CC(C3)C2C1,0.5,tier1,C1=CC2C3C=CC(C3)C2C1
QWUWMCYKGHVNAV-UHFFFAOYSA-N,c1ccc(CCc2ccccc2)cc1,30.543,tier1,c1ccc(CCc2ccccc2)cc1
WQEPLUUGTLDZJY-UHFFFAOYSA-N,CCCCCCCCCCCCCCC(=O)O,41.526,tier1,EMPTY_SCAFFOLD
BTFJIXJJCSYFAL-UHFFFAOYSA-N,CCCCCCCCCCCCCCCCCCCCO,99.161,tier1,EMPTY_SCAFFOLD
CZGCEKJOLUNIFY-UHFFFAOYSA-N,O=[N+]([O-])c1ccc(Cl)cc1,14.101,tier1,c1ccccc1
XJKSTNDFUHDPQJ-UHFFFAOYSA-N,c1ccc(-c2ccc(-c3ccccc3)cc2)cc1,33.726,tier1,c1ccc(-c2ccc(-c3ccccc3)cc2)cc1
RMBFBMJGBANMMK-UHFFFAOYSA-N,Cc1ccc([N+](=O)[O-])cc1[N+](=O)[O-],20.126,tier1,c1ccccc1
GLUUGHFHXGJENI-UHFFFAOYSA-N,C1CNCCN1,11.7,tier1,C1CNCCN1
WZCQRUWWHSTZEM-UHFFFAOYSA-N,Nc1cccc(N)c1,18.8,tier1,c1ccccc1
HXJUTPCZVOIRIF-UHFFFAOYSA-N,O=S1(=O)CCCC1,1.373,tier1,O=S1(=O)CCCC1
JFCQEDHGNNZCLN-UHFFFAOYSA-N,O=C(O)CCCC(=O)O,20.676,tier1,EMPTY_SCAFFOLD
PLZVEHJLHYMBBY-UHFFFAOYSA-N,CCCCCCCCCCCCCCN,51.0,tier1,EMPTY_SCAFFOLD
YGYNBBAUIYTWBF-UHFFFAOYSA-N,Cc1ccc2cc(C)ccc2c1,22.3,tier1,c1ccc2ccccc2c1
UJOBWOGCFQCDNV-UHFFFAOYSA-N,c1ccc2c(c1)[nH]c1ccccc12,29.429,tier1,c1ccc2c(c1)[nH]c1ccccc12
WOZVHXUHUFLZGK-UHFFFAOYSA-N,COC(=O)c1ccc(C(=O)OC)cc1,31.63,tier1,c1ccccc1
RZVHIXYEVGDQDX-UHFFFAOYSA-N,O=C1c2ccccc2C(=O)c2ccccc21,32.552,tier1,O=C1c2ccccc2C(=O)c2ccccc21
OIAQMFOKAXHPNH-UHFFFAOYSA-N,c1ccc(-c2ccccc2-c2ccccc2)cc1,17.191,tier1,c1ccc(-c2ccccc2-c2ccccc2)cc1
WDECIBYCCFPHNR-UHFFFAOYSA-N,c1ccc2c(c1)ccc1c3ccccc3ccc21,26.2,tier1,c1ccc2c(c1)ccc1c3ccccc3ccc21
IISBACLAFKSPIT-UHFFFAOYSA-N,CC(C)(c1ccc(O)cc1)c1ccc(O)cc1,29.286,tier1,c1ccc(Cc2ccccc2)cc1
IZUKQUVSCNEFMJ-UHFFFAOYSA-N,O=[N+]([O-])c1ccccc1[N+](=O)[O-],22.84,tier1,c1ccccc1
WDCYWAQPCXBPJA-UHFFFAOYSA-N,O=[N+]([O-])c1cccc([N+](=O)[O-])c1,17.36,tier1,c1ccccc1
NAQMVNRVTILPCV-UHFFFAOYSA-N,NCCCCCCN,40.376,tier1,EMPTY_SCAFFOLD
GEYOCULIXLDCMW-UHFFFAOYSA-N,Nc1ccccc1N,22.6,tier1,c1ccccc1
CBCKQZAAMUWICA-UHFFFAOYSA-N,Nc1ccc(N)cc1,26.8,tier1,c1ccccc1
IMNIMPAHZVJRPE-UHFFFAOYSA-N,C1CN2CCN1CC2,8.067,tier1,C1CN2CCN1CC2
FCEHBMOGCRZNNI-UHFFFAOYSA-N,c1ccc2sccc2c1,11.827,tier1,c1ccc2sccc2c1
NWVVVBRKAWDGAB-UHFFFAOYSA-N,COc1ccc(O)cc1,16.2,tier1,c1ccccc1
RINCXYDBBGOEEQ-UHFFFAOYSA-N,O=C1CCC(=O)O1,20.415,tier1,O=C1CCC(=O)O1
WQGWDDDVZFFDIG-UHFFFAOYSA-N,Oc1cccc(O)c1O,9.37,tier1,c1ccccc1
WXZMFSXDPGVJKK-UHFFFAOYSA-N,OCC(CO)(CO)CO,20.2,tier1,EMPTY_SCAFFOLD
FBPFZTCFMRRESA-UHFFFAOYSA-N,OCC(O)C(O)C(O)C(O)CO,32.013,tier1,EMPTY_SCAFFOLD
YBQZXXMEJHZYMB-UHFFFAOYSA-N,c1ccc(NNc2ccccc2)cc1,17.63,tier1,c1ccc(NNc2ccccc2)cc1
JRXXLCKWQFKACW-UHFFFAOYSA-N,C(#Cc1ccccc1)c1ccccc1,21.402,tier1,C(#Cc1ccccc1)c1ccccc1
SRPWOOOHEPICQU-UHFFFAOYSA-N,O=C(O)c1ccc2c(c1)C(=O)OC2=O,29.037,tier1,O=C1OC(=O)c2ccccc21
YJTKZCDBKVTVBY-UHFFFAOYSA-N,c1ccc(-c2cccc(-c3ccccc3)c2)cc1,24.09,tier1,c1ccc(-c2cccc(-c3ccccc3)c2)cc1
HTDJPCNNEPUOOQ-UHFFFAOYSA-N,C[Si]1(C)O[Si](C)(C)O[Si](C)(C)O1,15.5,tier1,O1[SiH2]O[SiH2]O[SiH2]1
FYFDQJRXFWGIBS-UHFFFAOYSA-N,O=[N+]([O-])c1ccc([N+](=O)[O-])cc1,28.12,tier1,c1ccccc1
DYDNPESBYVVLBO-UHFFFAOYSA-N,O=CNc1ccccc1,15.6,tier1,c1ccccc1
LRQYSMQNJLZKPS-UHFFFAOYSA-N,Cc1ccc2ccc(C)cc2c1,23.351,tier1,c1ccc2ccccc2c1
CRPUJAZIXJMDBK-UHFFFAOYSA-N,C=C1C2CCC(C2)C1(C)C,31.8,tier1,C=C1CC2CCC1C2
IYRWEQXVUNLMAY-UHFFFAOYSA-N,O=C(F)F,6.708,tier1,EMPTY_SCAFFOLD
FOCAUTSVDIKZOP-UHFFFAOYSA-N,O=C(O)CCl,12.265,tier1,EMPTY_SCAFFOLD
ZJCCRDAZUWHFQH-UHFFFAOYSA-N,CCC(CO)(CO)CO,24.606,tier1,EMPTY_SCAFFOLD
BUSHLWVWPAEVMX-UHFFFAOYSA-N,C#CCCCCCCCCCCCCCCCCCC,34.3,tier1,EMPTY_SCAFFOLD
XMNIXWIUMCBBBL-UHFFFAOYSA-N,CC(C)(OOC(C)(C)c1ccccc1)c1ccccc1,20.4,tier1,c1ccc(COOCc2ccccc2)cc1
SPSSULHKWOKEEL-UHFFFAOYSA-N,Cc1c([N+](=O)[O-])cc([N+](=O)[O-])cc1[N+](=O)[O-],21.2,tier1,c1ccccc1
SLCVBVWXLSEKPL-UHFFFAOYSA-N,CC(C)(CO)CO,21.77,tier1,EMPTY_SCAFFOLD
VOZKAJLKRJDJLL-UHFFFAOYSA-N,Cc1ccc(N)cc1N,19.874,tier1,c1ccccc1
ISYWECDDZWTKFF-UHFFFAOYSA-N,CCCCCCCCCCCCCCCCCCC(=O)O,57.618,tier1,EMPTY_SCAFFOLD
QBDSZLJBMIMQRS-UHFFFAOYSA-N,CC(C)(c1ccccc1)c1ccc(O)cc1,21.677,tier1,c1ccc(Cc2ccccc2)cc1
UATJOMSPNYCXIX-UHFFFAOYSA-N,O=[N+]([O-])c1cc([N+](=O)[O-])cc([N+](=O)[O-])c1,15.0,tier1,c1ccccc1
GNOIPBMMFNIUFM-UHFFFAOYSA-N,CN(C)P(=O)(N(C)C)N(C)C,16.945,tier1,EMPTY_SCAFFOLD
RIOQSEWOXXDEQQ-UHFFFAOYSA-N,c1ccc(P(c2ccccc2)c2ccccc2)cc1,19.69,tier1,c1ccc(P(c2ccccc2)c2ccccc2)cc1
TZRXHJWUDPFEEY-UHFFFAOYSA-N,O=[N+]([O-])OCC(CO[N+](=O)[O-])(CO[N+](=O)[O-])CO[N+](=O)[O-],97.9,tier1,EMPTY_SCAFFOLD
XZZNDPSIHUTMOC-UHFFFAOYSA-N,O=P(Oc1ccccc1)(Oc1ccccc1)Oc1ccccc1,23.97,tier1,O=P(Oc1ccccc1)(Oc1ccccc1)Oc1ccccc1
