SMILES,TARGET,Solvent
C1COCCO1,-3.12,2methylpyridine
Cc1ccccc1,-3.17,2methylpyridine
Cc1ccccn1,-3.82,2methylpyridine
CCC(C)=O,-2.63,2methylpyridine
CCCCCCCC,-2.84,2methylpyridine
CCO,-3.12,2methylpyridine
c1ccc2ccccc2c1,-5.56,4methyl2pentanone
c1ccncc1,-3.44,4methyl2pentanone
CC(=O)CC(C)C,-3.34,4methyl2pentanone
CC(=O)O,-4.44,4methyl2pentanone
Cc1cccc(O)c1,-6.9,4methyl2pentanone
CCC(=O)O,-4.96,4methyl2pentanone
CCNCC,-1.74,4methyl2pentanone
CN,-2.25,4methyl2pentanone
CN(C)C,-0.97,4methyl2pentanone
N,-0.63,4methyl2pentanone
Nc1ccccc1,-5.65,4methyl2pentanone
Oc1ccccc1,-7.49,4methyl2pentanone
C[N+](=O)[O-],-2.99,aceticacid
C1COCCO1,-3.91,aceticacid
CC(=O)O,-3.41,aceticacid
Cc1ccccc1,-2.64,aceticacid
CCC(C)=O,-2.91,aceticacid
CCCCCCCC,-2.04,aceticacid
CCO,-3.36,aceticacid
C[N+](=O)[O-],-3.73,acetonitrile
C1COCCO1,-3.44,acetonitrile
CC#N,-2.96,acetonitrile
Cc1ccccc1,-2.79,acetonitrile
CCC(C)=O,-2.84,acetonitrile
CCCCCCCC,-1.68,acetonitrile
CCO,-2.54,acetonitrile
N#Cc1ccc(O)cc1,-44.61,acetonitrile
N#CCC(=O)O,-48.91,acetonitrile
O=[N+]([O-])c1ccc(O)c([N+](=O)[O-])c1,-34.11,acetonitrile
O=[N+]([O-])c1ccc(O)cc1,-43.11,acetonitrile
O=[N+]([O-])c1cccc(O)c1,-44.81,acetonitrile
O=C(O)C(F)(F)F,-43.71,acetonitrile
O=C(O)c1ccc([N+](=O)[O-])cc1,-46.11,acetonitrile
O=C(O)c1cccc([N+](=O)[O-])c1,-46.41,acetonitrile
Oc1cc(Cl)c(Cl)c(Cl)c1,-41.91,acetonitrile
Oc1cccc(C(F)(F)F)c1,-45.01,acetonitrile
Oc1cccc(Cl)c1,-48.71,acetonitrile
C[N+](=O)[O-],-3.03,acetophenone
C1COCCO1,-3.14,acetophenone
CC(=O)c1ccccc1,-5.7,acetophenone
CC(=O)O,-4.31,acetophenone
Cc1ccccc1,-3.01,acetophenone
CCC(C)=O,-2.5,acetophenone
CCCCCCCC,-2.35,acetophenone
CCO,-2.23,acetophenone
OO,-5.41,acetophenone
C[N+](=O)[O-],-3.22,aniline
C1COCCO1,-3.76,aniline
CC(=O)O,-4.41,aniline
Cc1ccccc1,-2.68,aniline
CCC(=O)O,-4.31,aniline
CCC(C)=O,-2.98,aniline
CCCCCCCC,-1.59,aniline
CCO,-2.56,aniline
Nc1ccccc1,-5.72,aniline
OO,-5.91,aniline
C[N+](=O)[O-],-2.8,anisole
C1COCCO1,-3.17,anisole
Cc1ccccc1,-3.06,anisole
CCC(C)=O,-2.54,anisole
CCCCCCCC,-2.73,anisole
CCCCN,-2.55,anisole
CCO,-1.7,anisole
COc1ccccc1,-4.44,anisole
C[N+](=O)[O-],-2.61,benzene
c1ccccc1,-2.66,benzene
C1CCCCC1,-2.16,benzene
C1CCNCC1,-3.14,benzene
c1ccncc1,-3.39,benzene
C1COCCO1,-3.32,benzene
CC(=O)O,-2.13,benzene
CC(C)(C)O,-1.81,benzene
CC(C)=O,-1.9,benzene
CC(C)O,-1.59,benzene
Cc1ccc(N)cc1,-5.7,benzene
Cc1ccc(O)cc1,-5.46,benzene
Cc1cccc(C)n1,-4.5,benzene
Cc1cccc(N)c1,-5.72,benzene
Cc1cccc(O)c1,-4.77,benzene
Cc1ccccc1,-3.43,benzene
Cc1ccccc1N,-5.48,benzene
Cc1ccccc1O,-5.55,benzene
Cc1ccccn1,-3.97,benzene
Cc1ccncc1,-4.28,benzene
Cc1cncc(C)c1,-5.75,benzene
CCC(=O)O,-2.86,benzene
CCC(C)=O,-2.57,benzene
CCCC(C)=O,-3.25,benzene
CCCCC,-1.1,benzene
CCCCC(C)=O,-3.87,benzene
CCCCCC,-1.73,benzene
CCCCCC(=O)[O-],-3.89,benzene
CCCCCC(=O)OC,-4.58,benzene
CCCCCC(C)=O,-4.47,benzene
CCCCCCCC,-3.46,benzene
CCCCCCCCO,-6.17,benzene
CCCCCCCO,-4.96,benzene
CCCCCCO,-4.24,benzene
CCCCCO,-3.21,benzene
CCCCO,-2.56,benzene
CCCN,-1.79,benzene
CCCNCCC,-3.2,benzene
CCCO,-1.98,benzene
CCCOC(C)=O,-3.32,benzene
CCCOP(=O)(OCCC)OCCC,-7.45,benzene
CCN,-0.84,benzene
CCNCC,-2.13,benzene
CCO,-1.53,benzene
CCOC(C)=O,-2.64,benzene
CCOP(=O)(OCC)OCC,-6.69,benzene
CN,-0.77,benzene
CN(C)C,-0.91,benzene
CN(C)C(=O)Nc1ccccc1,-10.29,benzene
CNC,-1.12,benzene
CNc1ccccc1,-4.75,benzene
CO,-0.69,benzene
COC(=O)c1ccccc1,-4.38,benzene
COP(=O)(OC)OC,-6.13,benzene
N,0.77,benzene
NC(=O)c1ccccc1,-8.04,benzene
Nc1ccccc1,-4.99,benzene
NN,-2.13,benzene
O,0.18,benzene
O=[N+]([O-])c1ccccc1,-5.71,benzene
O=Cc1ccc(O)cc1,-7.84,benzene
O=Cc1cccc(O)c1,-7.4,benzene
Oc1ccc(Br)cc1,-6.92,benzene
Oc1ccccc1,-5.23,benzene
OO,-2.88,benzene
CC(=O)Nc1ccccc1,1.59,benzene-water
CC(C)OP(C)(=O)F,1.45,benzene-water
O=C1CCO1,2.16,benzene-water
C[N+](=O)[O-],-3.16,benzonitrile
C1COCCO1,-3.25,benzonitrile
Cc1ccccc1,-3.06,benzonitrile
CCC(C)=O,-2.69,benzonitrile
CCCCCCCC,-2.45,benzonitrile
CCO,-2.16,benzonitrile
N#Cc1ccccc1,-5.39,benzonitrile
C[N+](=O)[O-],-2.64,benzylalcohol
C=O,-1.59,benzylalcohol
C1COCCO1,-3.5,benzylalcohol
CC(=O)O,-5.07,benzylalcohol
Cc1ccccc1,-2.57,benzylalcohol
CCC(C)=O,-2.68,benzylalcohol
CCCCCCCC,-1.88,benzylalcohol
CCCCN,-3.26,benzylalcohol
CCO,-2.95,benzylalcohol
OCc1ccccc1,-6.72,benzylalcohol
Brc1ccccc1,-4.36,bromobenzene
C[N+](=O)[O-],-2.36,bromobenzene
C1COCCO1,-3.13,bromobenzene
Cc1ccc(N)cc1,-5.7,bromobenzene
Cc1ccc(O)cc1,-5.23,bromobenzene
Cc1ccccc1,-3.24,bromobenzene
Cc1ccccc1O,-5.37,bromobenzene
CCC(C)=O,-2.48,bromobenzene
CCCCCC(=O)[O-],-3.69,bromobenzene
CCCCCCCC,-3.13,bromobenzene
CCCCCCCO,-4.79,bromobenzene
CCCCCCO,-4.03,bromobenzene
CCCCCO,-3.17,bromobenzene
CCCCN,-2.33,bromobenzene
CCCCO,-2.19,bromobenzene
CCCN,-1.68,bromobenzene
CCCO,-1.85,bromobenzene
CCCOC(C)=O,-3.04,bromobenzene
CCN,-0.84,bromobenzene
CCO,-1.37,bromobenzene
CCOC(C)=O,-2.68,bromobenzene
CO,-0.42,bromobenzene
COC(C)=O,-1.98,bromobenzene
Nc1ccccc1,-4.77,bromobenzene
Oc1ccc(Br)cc1,-6.6,bromobenzene
Oc1ccccc1,-4.98,bromobenzene
C[N+](=O)[O-],-2.65,bromoethane
C1COCCO1,-3.5,bromoethane
Cc1ccccc1,-3.66,bromoethane
CCBr,-1.78,bromoethane
CCC(=O)O,-3.63,bromoethane
CCC(C)=O,-3.24,bromoethane
CCCCCCCC,-3.65,bromoethane
BrC(Br)Br,-4.32,bromoform
CC(=O)O,-2.65,bromoform
Cc1ccccc1O,-5.56,bromoform
CCCCCCCO,-5.21,bromoform
CCCCCCO,-4.31,bromoform
CCCCCO,-3.45,bromoform
CCCCO,-2.83,bromoform
CCCO,-2.14,bromoform
CCO,-1.35,bromoform
CO,-0.9,bromoform
Oc1ccc(Br)cc1,-6.6,bromoform
Oc1ccccc1,-4.99,bromoform
CCCCCC(=O)[O-],-3.22,bromooctane
CCCOC(C)=O,-2.59,bromooctane
CCOC(C)=O,-2.08,bromooctane
COC(C)=O,-1.46,bromooctane
C[N+](=O)[O-],-2.04,butanol
C=O,-1.6,butanol
c1ccccc1,-1.5,butanol
CC(=O)O,-4.92,butanol
Cc1ccccc1,-2.61,butanol
CCC(=O)O,-5.28,butanol
CCC(C)=O,-2.23,butanol
CCc1ccccc1,-2.57,butanol
CCCCCCCC,-2.56,butanol
CCCCO,-4.14,butanol
CCCN,-3.15,butanol
CCN,-2.61,butanol
CCNCC,-3.26,butanol
CCO,-3.13,butanol
CO,-2.84,butanol
O=c1cc[nH]c(=O)[nH]1,-14.16,butanol
OCCO,-6.8,butanol
OO,-6.05,butanol
C[N+](=O)[O-],-3.35,butanone
C=O,0.12,butanone
C1COCCO1,-3.13,butanone
CC(=O)O,-4.99,butanone
Cc1ccccc1,-3.17,butanone
CCC(=O)O,-5.16,butanone
CCC(C)=O,-2.61,butanone
CCCCCCCC,-2.75,butanone
CCO,-2.57,butanone
O=C1CCCO1,-2.58,butanone
c1ccc2ccccc2c1,-5.7,butylacetate
c1ccncc1,-3.42,butylacetate
CC(=O)O,-4.22,butylacetate
Cc1ccc(N)cc1,-5.92,butylacetate
Cc1ccc(O)cc1,-7.39,butylacetate
Cc1cccc(O)c1,-6.55,butylacetate
Cc1ccccc1O,-7.01,butylacetate
CCCCCC(=O)[O-],-3.63,butylacetate
CCCCCCCCO,-6.28,butylacetate
CCCCCCCO,-5.25,butylacetate
CCCCCCO,-4.73,butylacetate
CCCCCO,-3.89,butylacetate
CCCCO,-3.34,butylacetate
CCCO,-2.63,butylacetate
CCO,-2.08,butylacetate
CO,-1.15,butylacetate
Nc1ccccc1,-5.41,butylacetate
O,-2.24,butylacetate
Oc1ccc(Br)cc1,-8.68,butylacetate
Oc1ccccc1,-7.07,butylacetate
OCCO,-4.38,butylacetate
OO,-4.87,butylacetate
CC(=O)C(C)(C)C,-2.88,butylbenzene
CCC(=O)OC,-2.3,butylbenzene
CCCC(C)=O,-2.85,butylbenzene
CCCCC(C)=O,-3.42,butylbenzene
CCCCc1ccccc1,-4.97,butylbenzene
CCCCCC(=O)[O-],-3.39,butylbenzene
CCCCCC(=O)OC,-4.2,butylbenzene
CCCCCC(C)=O,-4.04,butylbenzene
Oc1ccccc1,-4.87,butylbenzene
C[N+](=O)[O-],-1.41,carbondisulfide
C1COCCO1,-2.78,carbondisulfide
CC(=O)O,-1.09,carbondisulfide
CC(C)=O,-1.25,carbondisulfide
Cc1ccccc1,-3.5,carbondisulfide
CCC(C)=O,-1.96,carbondisulfide
CCC[N+](=O)[O-],-2.61,carbondisulfide
CCCCCCCC,-3.79,carbondisulfide
CCCOC(C)=O,-2.74,carbondisulfide
CCO,-0.83,carbondisulfide
CCOC(C)=O,-2.19,carbondisulfide
COC(C)=O,-1.78,carbondisulfide
Oc1ccccc1,-4.38,carbondisulfide
OO,-1.25,carbondisulfide
S=C=S,-2.06,carbondisulfide
Brc1ccccc1,-3.96,carbontet
C[N+](=O)[O-],-1.63,carbontet
C=C(C)C,-0.74,carbontet
C=CCC,-0.59,carbontet
c1ccc2ccccc2c1,-5.66,carbontet
c1ccccc1,-2.61,carbontet
c1ccncc1,-3.12,carbontet
C1COCCO1,-3.08,carbontet
CC(=O)c1ccccc1,-5.21,carbontet
CC(=O)O,-1.75,carbontet
CC(C)(C)O,-1.51,carbontet
CC(C)=O,-1.46,carbontet
CC(C)O,-1.26,carbontet
CC=CCC,-1.57,carbontet
Cc1ccc(N)cc1,-5.35,carbontet
Cc1ccc(O)cc1,-4.43,carbontet
Cc1cccc(C)c1,-3.82,carbontet
Cc1cccc(N)c1,-5.34,carbontet
Cc1ccccc1,-3.23,carbontet
Cc1ccccc1[N+](=O)[O-],-5.6,carbontet
Cc1ccccc1C,-4.18,carbontet
Cc1ccccc1N,-5.27,carbontet
Cc1ccccc1O,-4.62,carbontet
CCC(=O)O,-2.2,carbontet
CCC(C)=O,-2.2,carbontet
CCC[N+](=O)[O-],-2.6,carbontet
CCc1ccccc1,-3.78,carbontet
CCCC(C)=O,-2.92,carbontet
CCCCC(C)=O,-3.58,carbontet
CCCCCC(=O)[O-],-3.7,carbontet
CCCCCC(=O)OC,-4.5,carbontet
CCCCCC(C)=O,-4.23,carbontet
CCCCCCCC,-3.5,carbontet
CCCCCCCO,-4.6,carbontet
CCCCCCO,-3.15,carbontet
CCCCCO,-2.84,carbontet
CCCCN,-3.46,carbontet
CCCCO,-2.31,carbontet
CCCN,-1.7,carbontet
CCCO,-1.75,carbontet
CCCOC(C)=O,-3.14,carbontet
CCCOP(=O)(OCCC)OCCC,-6.71,carbontet
CCN,-0.88,carbontet
CCNCC,-2.23,carbontet
CCO,-1.07,carbontet
CCOC(C)=O,-2.51,carbontet
CCOP(=O)(OCC)OCC,-5.62,carbontet
Clc1ccc(Cl)cc1,-4.39,carbontet
Clc1ccccc1,-3.32,carbontet
CN,-0.64,carbontet
CN(C)C,-1.2,carbontet
CNC,-0.86,carbontet
CNc1ccccc1,-4.69,carbontet
CO,-0.36,carbontet
COC(=O)c1ccccc1,-5.3,carbontet
COc1ccccc1,-3.6,carbontet
COP(=O)(OC)OC,-5.35,carbontet
CSc1ccccc1,-3.77,carbontet
Fc1ccccc1,-1.75,carbontet
Ic1ccccc1,-4.61,carbontet
N,0.83,carbontet
N#Cc1ccccc1,-4.39,carbontet
NC(=O)c1ccccc1,-7.24,carbontet
Nc1ccccc1,-4.21,carbontet
O,1.04,carbontet
O=[N+]([O-])c1ccccc1,-5.03,carbontet
O=C1CCCC1,-3.37,carbontet
O=Cc1ccc(O)cc1,-6.27,carbontet
O=Cc1ccccc1,-4.22,carbontet
Oc1ccc(Br)cc1,-5.97,carbontet
Oc1ccccc1,-4.25,carbontet
OO,-1.25,carbontet
CC(C)OP(C)(=O)F,2.0,carbontet-water
O=C1CCO1,1.79,carbontet-water
C[N+](=O)[O-],-2.43,chlorobenzene
C1COCCO1,-3.19,chlorobenzene
CC(=O)C(C)(C)C,-3.36,chlorobenzene
CC(C)=O,-1.97,chlorobenzene
Cc1ccc(N)cc1,-5.65,chlorobenzene
Cc1ccc(O)cc1,-5.34,chlorobenzene
Cc1ccccc1,-3.29,chlorobenzene
Cc1ccccc1O,-5.44,chlorobenzene
CCC(=O)O,-2.49,chlorobenzene
CCC(C)=O,-2.58,chlorobenzene
CCCC(C)=O,-3.4,chlorobenzene
CCCCC(C)=O,-3.95,chlorobenzene
CCCCCC(=O)[O-],-3.85,chlorobenzene
CCCCCC(C)=O,-4.57,chlorobenzene
CCCCCCCC,-3.27,chlorobenzene
CCCCCCCO,-4.89,chlorobenzene
CCCCCCO,-4.09,chlorobenzene
CCCCCO,-3.36,chlorobenzene
CCCCO,-2.42,chlorobenzene
CCCN,-1.7,chlorobenzene
CCCO,-1.93,chlorobenzene
CCCOC(C)=O,-3.26,chlorobenzene
CCN,-0.84,chlorobenzene
CCO,-1.41,chlorobenzene
CCOC(C)=O,-2.74,chlorobenzene
Clc1ccccc1,-3.77,chlorobenzene
CN,-0.27,chlorobenzene
CN(C)C,-0.93,chlorobenzene
CNC,-0.86,chlorobenzene
CO,-0.55,chlorobenzene
N,0.67,chlorobenzene
Nc1ccccc1,-4.83,chlorobenzene
Oc1ccc(Br)cc1,-6.65,chlorobenzene
Oc1ccccc1,-5.07,chlorobenzene
CC(C)OP(C)(=O)F,1.49,chlorobenzene-water
Brc1ccccc1,-4.18,chloroform
C[N+](=O)[O-],-2.79,chloroform
C=CCO,-2.45,chloroform
C=O,2.01,chloroform
c1cc[nH]c1,-3.61,chloroform
c1ccc2ccccc2c1,-6.0,chloroform
c1ccc2ncccc2c1,-8.34,chloroform
c1ccccc1,-2.75,chloroform
C1CCCCC1,-2.56,chloroform
C1CCNCC1,-4.48,chloroform
c1ccncc1,-4.56,chloroform
C1CCOCC1,-3.95,chloroform
c1ccsc1,-3.94,chloroform
C1COCCN1,-4.83,chloroform
C1COCCO1,-4.32,chloroform
CC(=O)c1ccccc1,-5.92,chloroform
CC(=O)N(C)C,-6.49,chloroform
CC(=O)O,-2.85,chloroform
CC(C)(C)O,-2.59,chloroform
CC(C)=O,-2.53,chloroform
CC(C)O,-2.39,chloroform
CC(C)OC(C)C,-1.89,chloroform
CC(N)=O,-5.16,chloroform
CC#N,-2.55,chloroform
CC=O,-1.76,chloroform
Cc1ccc(N)cc1,-6.12,chloroform
Cc1ccc(O)cc1,-5.7,chloroform
Cc1cccc(C)c1,-3.97,chloroform
Cc1cccc(C)n1,-5.85,chloroform
Cc1cccc(O)c1,-4.81,chloroform
Cc1ccccc1,-3.59,chloroform
Cc1ccccc1[N+](=O)[O-],-6.41,chloroform
Cc1ccccc1C,-4.34,chloroform
Cc1ccccc1N,-6.34,chloroform
Cc1ccccc1O,-5.66,chloroform
Cc1ccccn1,-5.09,chloroform
Cc1cccnc1,-5.46,chloroform
Cc1ccncc1,-5.61,chloroform
Cc1cn(C)c(=O)[nH]c1=O,-7.82,chloroform
Cc1cnccn1,-5.1,chloroform
CCC(=O)O,-3.48,chloroform
CCC(C)=O,-3.54,chloroform
CCc1ccccc1,-3.95,chloroform
CCc1cnccn1,-5.83,chloroform
CCCCCC(=O)[O-],-4.82,chloroform
CCCCCC(=O)OC,-5.35,chloroform
CCCCCCCC,-3.36,chloroform
CCCCCCCO,-5.64,chloroform
CCCCCCO,-4.78,chloroform
CCCCCO,-4.01,chloroform
CCCCO,-3.39,chloroform
CCCN,-2.84,chloroform
CCCO,-2.52,chloroform
CCCOC(C)=O,-4.46,chloroform
CCCOP(=O)(OCCC)OCCC,-9.22,chloroform
CCN,-2.13,chloroform
CCNCC,-3.34,chloroform
CCO,-2.05,chloroform
CCOC(C)=O,-3.69,chloroform
CCOCC,-2.43,chloroform
CCOP(=O)(OCC)OCC,-9.01,chloroform
CCSCC,-4.51,chloroform
ClC(Cl)Cl,-2.24,chloroform
Clc1ccc(Cl)cc1,-4.43,chloroform
Clc1ccccc1,-3.56,chloroform
CN,-1.28,chloroform
CN(C)C,-2.01,chloroform
CN(C)C(=O)Nc1ccccc1,-11.75,chloroform
CN1CCCC1=O,-7.93,chloroform
Cn1cnc2c(N)ncnc21,-10.62,chloroform
CNC,-1.8,chloroform
CO,-1.43,chloroform
COC(=O)c1ccccc1,-5.92,chloroform
COc1ccccc1,-4.35,chloroform
COP(=O)(OC)OC,-7.85,chloroform
CSc1ccccc1,-4.09,chloroform
FC(Cl)(Cl)Cl,-0.73,chloroform
FC(F)(Cl)Cl,0.34,chloroform
Fc1ccccc1,-2.36,chloroform
Ic1ccccc1,-4.71,chloroform
N,-0.52,chloroform
N#Cc1ccccc1,-5.33,chloroform
NC(=O)c1ccccc1,-9.17,chloroform
NC(N)=O,-6.67,chloroform
Nc1ccccc1,-5.45,chloroform
NN,-2.53,chloroform
O,-0.16,chloroform
O=[N+]([O-])c1ccccc1,-5.89,chloroform
O=c1[nH]cc(Br)c(=O)[nH]1,-13.14,chloroform
O=c1[nH]cc(F)c(=O)[nH]1,-12.42,chloroform
O=c1cc[nH]c(=O)[nH]1,-12.39,chloroform
O=Cc1ccc(O)cc1,-8.41,chloroform
O=Cc1ccccc1,-5.2,chloroform
Oc1ccc(Br)cc1,-6.7,chloroform
Oc1ccccc1,-5.25,chloroform
OCC(F)(F)F,-1.14,chloroform
OCCO,-4.09,chloroform
OO,-2.81,chloroform
Sc1ccccc1,-5.72,chloroform
CC(=O)Nc1ccccc1,0.69,chloroform-water
CC(C)OP(C)(=O)F,-0.14,chloroform-water
CC1CCC(=O)O1,0.6,chloroform-water
NC(=O)C(Cl)(Cl)Cl,1.47,chloroform-water
NC(=O)CCl,3.2,chloroform-water
NC(=O)Nc1ccccc1,2.75,chloroform-water
O=C1CCO1,2.56,chloroform-water
CC(=O)C(C)(C)C,-3.09,chlorohexane
CC(C)=O,-1.56,chlorohexane
CCC(C)=O,-2.21,chlorohexane
CCCC(C)=O,-2.95,chlorohexane
CCCCC(C)=O,-3.53,chlorohexane
CCCCCC(=O)[O-],-3.48,chlorohexane
CCCOC(C)=O,-2.95,chlorohexane
CCOC(C)=O,-2.36,chlorohexane
COC(C)=O,-1.77,chlorohexane
Brc1ccccc1,-3.4,cyclohexane
C[N+](=O)[O-],-0.97,cyclohexane
c1cc[nH]c1,-1.88,cyclohexane
c1ccc2ccccc2c1,-5.28,cyclohexane
c1ccc2ncccc2c1,-5.49,cyclohexane
c1ccccc1,-2.3,cyclohexane
C1CCCCC1,-2.54,cyclohexane
c1ccncc1,-2.41,cyclohexane
C1CCOCC1,-2.52,cyclohexane
C1COCCO1,-2.28,cyclohexane
CC(=O)C(C)(C)C,-2.53,cyclohexane
CC(=O)c1ccccc1,-4.4,cyclohexane
CC(=O)O,0.16,cyclohexane
CC(C)(C)O,-1.04,cyclohexane
CC(C)=O,-0.78,cyclohexane
CC(C)O,-0.48,cyclohexane
CC(Cl)(Cl)Cl,-2.19,cyclohexane
CC#N,0.02,cyclohexane
Cc1ccc(N)cc1,-4.41,cyclohexane
Cc1ccc(O)cc1,-4.0,cyclohexane
Cc1cccc(C)c1,-3.63,cyclohexane
Cc1cccc(C)n1,-3.62,cyclohexane
Cc1cccc(N)c1,-4.58,cyclohexane
Cc1cccc(O)c1,-3.31,cyclohexane
Cc1ccccc1,-3.01,cyclohexane
Cc1ccccc1[N+](=O)[O-],-4.82,cyclohexane
Cc1ccccc1C,-3.65,cyclohexane
Cc1ccccc1N,-4.55,cyclohexane
Cc1ccccc1O,-4.13,cyclohexane
Cc1ccccn1,-3.16,cyclohexane
Cc1cccnc1,-3.25,cyclohexane
Cc1ccncc1,-3.34,cyclohexane
CCC,-0.2,cyclohexane
CCC(=O)CC,-2.41,cyclohexane
CCC(=O)O,-1.89,cyclohexane
CCC(C)=O,-1.59,cyclohexane
CCC[N+](=O)[O-],-2.17,cyclohexane
CCc1ccccc1,-3.08,cyclohexane
CCCC,-0.97,cyclohexane
CCCC(C)=O,-2.3,cyclohexane
CCCCC,-1.61,cyclohexane
CCCCC(C)=O,-2.88,cyclohexane
CCCCCC(=O)[O-],-3.05,cyclohexane
CCCCCC(=O)OC,-3.86,cyclohexane
CCCCCC(C)=O,-3.58,cyclohexane
CCCCCCCC,-3.74,cyclohexane
CCCCCCCO,-4.13,cyclohexane
CCCCCCO,-3.42,cyclohexane
CCCCCO,-1.72,cyclohexane
CCCCO,-1.63,cyclohexane
CCCO,-0.84,cyclohexane
CCCOC(C)=O,-2.47,cyclohexane
CCCOP(=O)(OCCC)OCCC,-5.82,cyclohexane
CCCS,-1.23,cyclohexane
CCN,-0.15,cyclohexane
CCNCC,-1.72,cyclohexane
CCO,-0.53,cyclohexane
CCOC(C)=O,-1.67,cyclohexane
CCOCC,-1.14,cyclohexane
CCOP(=O)(OCC)OCC,-5.71,cyclohexane
ClC=C(Cl)Cl,-2.4,cyclohexane
Clc1ccc(Cl)cc1,-4.0,cyclohexane
Clc1ccccc1,-3.21,cyclohexane
CN(C)C,-0.74,cyclohexane
CN(C)C=O,-1.93,cyclohexane
CNc1ccccc1,-4.44,cyclohexane
CO,0.6,cyclohexane
COC(=O)c1ccccc1,-5.12,cyclohexane
COc1ccccc1,-3.49,cyclohexane
COP(=O)(OC)OC,-3.78,cyclohexane
CSc1ccccc1,-3.77,cyclohexane
FC(Cl)(Cl)Cl,-0.74,cyclohexane
FC(F)(Cl)Cl,0.08,cyclohexane
Fc1ccccc1,-1.7,cyclohexane
Ic1ccccc1,-4.37,cyclohexane
N#Cc1cc(Br)c(O)c(Br)c1,-4.94,cyclohexane
N#Cc1ccccc1,-3.65,cyclohexane
NC(=O)c1ccccc1,-6.83,cyclohexane
Nc1ccccc1,-3.63,cyclohexane
O,1.5,cyclohexane
O=[N+]([O-])c1ccccc1,-4.73,cyclohexane
O=Cc1ccc(O)cc1,-5.3,cyclohexane
O=Cc1cccc(O)c1,-4.99,cyclohexane
O=Cc1ccccc1,-3.82,cyclohexane
Oc1ccc(Br)cc1,-5.25,cyclohexane
Oc1ccccc1,-3.68,cyclohexane
OCC(F)(F)F,0.36,cyclohexane
c1ccc2cnccc2c1,0.38,cyclohexane-water
CC(=O)Nc1ccccc1,3.81,cyclohexane-water
CC1CCC(=O)O1,4.26,cyclohexane-water
CCN(CC)C(C)=O,3.82,cyclohexane-water
NC(=O)C(F)(F)F,7.25,cyclohexane-water
C[N+](=O)[O-],-3.2,cyclohexanone
C1COCCO1,-3.06,cyclohexanone
CC(=O)O,-4.54,cyclohexanone
Cc1ccccc1,-3.16,cyclohexanone
CCC(=O)O,-5.29,cyclohexanone
CCC(C)=O,-2.53,cyclohexanone
CCCCCCCC,-2.68,cyclohexanone
CCO,-2.52,cyclohexanone
O=C1CCCCC1,-4.36,cyclohexanone
OO,-7.22,cyclohexanone
Brc1ccccc1,-3.36,decalin
CC(=O)c1ccccc1,-4.34,decalin
CC(=O)O,-2.6,decalin
Cc1ccc(O)cc1,-3.79,decalin
Cc1cccc(O)c1,-3.22,decalin
Cc1ccccc1,-2.48,decalin
CCC(=O)O,-2.53,decalin
CCCCCC(=O)[O-],-2.82,decalin
CCCCCC(=O)OC,-3.62,decalin
CCCCN,-1.83,decalin
CCCOC(C)=O,-2.16,decalin
CCOC(C)=O,-1.58,decalin
Clc1ccccc1,-2.72,decalin
CNc1ccccc1,-4.52,decalin
COC(=O)c1ccccc1,-4.87,decalin
COc1ccccc1,-3.11,decalin
CSc1ccccc1,-3.65,decalin
Fc1ccccc1,-1.55,decalin
Ic1ccccc1,-4.07,decalin
N#Cc1ccccc1,-3.97,decalin
Nc1ccccc1,-3.89,decalin
O=[N+]([O-])c1ccccc1,-4.47,decalin
Oc1ccccc1,-3.49,decalin
Brc1ccccc1,-3.54,decane
C[N+](=O)[O-],-0.92,decane
c1ccccc1,-1.91,decane
C1COCCO1,-2.08,decane
CC(=O)C(C)(C)C,-2.26,decane
CC(C)=O,-0.58,decane
CC(N)=O,-0.96,decane
Cc1ccc(N)cc1,-4.16,decane
Cc1ccc(O)cc1,-4.11,decane
Cc1ccccc1,-2.76,decane
CCC(C)=O,-1.41,decane
CCc1ccccc1,-3.36,decane
CCCC(C)=O,-2.04,decane
CCCCC(C)=O,-2.72,decane
CCCCCC(=O)[O-],-2.77,decane
CCCCCC(=O)OC,-3.59,decane
CCCCCC(C)=O,-3.29,decane
CCCCCCCC,-3.29,decane
CCCCCCCCCC,-4.64,decane
CCCCCCCO,-3.73,decane
CCCCCCO,-3.08,decane
CCCCCO,-2.03,decane
CCCCN,-1.66,decane
CCCCO,-1.88,decane
CCCN,-1.07,decane
CCCO,-0.87,decane
CCCOC(C)=O,-2.13,decane
CCN,-0.03,decane
CCO,-0.55,decane
CCOC(C)=O,-1.54,decane
ClC=C(Cl)Cl,-1.95,decane
Clc1ccccc1,-3.04,decane
CO,0.6,decane
COC(C)=O,-1.09,decane
Fc1ccccc1,-1.59,decane
Oc1ccccc1,-3.61,decane
Cc1ccc(O)cc1,-7.02,decanol
Cc1cccc(O)c1,-6.12,decanol
Cc1ccccc1O,-6.69,decanol
CCCCCCCCCCO,-7.69,decanol
CCCCN,-3.33,decanol
CCCN,-2.7,decanol
CCN,-2.02,decanol
Clc1ccccc1,-2.94,decanol
COCCO,-3.52,decanol
Oc1ccc(Br)cc1,-8.43,decanol
Oc1ccccc1,-6.69,decanol
Cc1ccc(O)cc1,-5.63,dibromoethane
CCCCCCCO,-4.75,dibromoethane
CCCCCCO,-4.19,dibromoethane
CCCCCO,-3.55,dibromoethane
CCCCO,-2.76,dibromoethane
CCCO,-1.93,dibromoethane
CCO,-0.8,dibromoethane
CO,-0.49,dibromoethane
Oc1ccc(Br)cc1,-7.12,dibromoethane
Oc1ccccc1,-5.33,dibromoethane
CC(C)OP(C)(=O)F,1.41,dibromoethane-water
C[N+](=O)[O-],-1.78,dibutylether
c1ccncc1,-2.76,dibutylether
C1COCCO1,-2.48,dibutylether
CC(=O)O,-3.32,dibutylether
Cc1ccccc1,-2.98,dibutylether
Cc1ccccn1,-3.31,dibutylether
Cc1cnccn1,-3.23,dibutylether
CCC(=O)O,-4.22,dibutylether
CCC(C)=O,-1.89,dibutylether
CCc1cnccn1,-3.98,dibutylether
CCCCCCCC,-3.35,dibutylether
CCCCOCCCC,-3.87,dibutylether
CCNCC,-1.91,dibutylether
CCO,-1.62,dibutylether
OO,-3.86,dibutylether
Cc1c[nH]c(=O)[nH]c1=O,3.66,dibutylether-water
c1ccncc1,-3.64,dichloroethane
CC(=O)c1ccccc1,-5.94,dichloroethane
CC(=O)O,-3.0,dichloroethane
CC(Cl)Cl,-2.8,dichloroethane
Cc1ccc(O)cc1,-5.86,dichloroethane
Cc1cccc(O)c1,-5.02,dichloroethane
Cc1ccccc1O,-5.84,dichloroethane
CCC(=O)O,-3.23,dichloroethane
CCCCCC(=O)[O-],-4.04,dichloroethane
CCCCCC(=O)OC,-4.68,dichloroethane
CCCCCCCO,-4.9,dichloroethane
CCCCCCO,-4.13,dichloroethane
CCCCCO,-3.56,dichloroethane
CCCCN,-2.45,dichloroethane
CCCCO,-3.03,dichloroethane
CCCN,-2.15,dichloroethane
CCCO,-1.96,dichloroethane
CCCOC(C)=O,-3.51,dichloroethane
CCN,-1.3,dichloroethane
CCNCC,-2.11,dichloroethane
CCO,-0.94,dichloroethane
CCOC(C)=O,-3.04,dichloroethane
CCOP(=O)(OCC)OCC,-7.7,dichloroethane
CO,-0.64,dichloroethane
COP(=O)(OC)OC,-6.66,dichloroethane
NC(=O)c1ccccc1,-9.01,dichloroethane
Nc1ccccc1,-5.5,dichloroethane
O=Cc1ccc(O)cc1,-8.81,dichloroethane
O=Cc1cccc(O)c1,-8.22,dichloroethane
O=Cc1ccccc1,-5.34,dichloroethane
Oc1ccc(Br)cc1,-7.21,dichloroethane
Oc1ccccc1,-5.59,dichloroethane
CC(C)OP(C)(=O)F,0.19,dichloroethane-water
O=C1CCO1,2.42,dichloroethane-water
Brc1ccccc1,-4.1,diethylether
C[N+](=O)[O-],-2.3,diethylether
C=CCO,-2.98,diethylether
c1ccc2ccccc2c1,-5.36,diethylether
c1ccccc1,-2.32,diethylether
C1CCNCC1,-2.93,diethylether
c1ccncc1,-2.92,diethylether
C1COCCO1,-2.78,diethylether
CC(=O)c1ccccc1,-4.9,diethylether
CC(=O)O,-4.37,diethylether
CC(C)(C)O,-2.91,diethylether
CC(C)O,-2.55,diethylether
CC(N)=O,-4.27,diethylether
CC#N,-1.7,diethylether
CC=O,-0.96,diethylether
Cc1cccc(C)c1,-3.67,diethylether
Cc1cccc(O)c1,-6.06,diethylether
Cc1ccccc1,-3.34,diethylether
Cc1ccccc1[N+](=O)[O-],-5.32,diethylether
Cc1ccccc1C,-3.69,diethylether
CCC(=O)O,-4.86,diethylether
CCC(C)=O,-2.2,diethylether
CCC=O,-1.96,diethylether
CCc1ccccc1,-3.56,diethylether
CCCCCCCC,-3.73,diethylether
CCCCCCCCO,-5.36,diethylether
CCCCCCCO,-5.62,diethylether
CCCCCCO,-4.93,diethylether
CCCCCO,-4.22,diethylether
CCCCN,-2.35,diethylether
CCCCO,-3.8,diethylether
CCCN,-1.76,diethylether
CCCNCCC,-3.07,diethylether
CCCO,-3.01,diethylether
CCN,-1.0,diethylether
CCNCC,-1.94,diethylether
CCO,-2.52,diethylether
CCOCC,-1.5,diethylether
CI,-1.62,diethylether
Clc1ccc(Cl)cc1,-4.29,diethylether
Clc1ccccc1,-3.53,diethylether
CN,-0.43,diethylether
CN(C)C,-0.89,diethylether
CN(C)C=O,-3.42,diethylether
CNC,-0.74,diethylether
CO,-1.72,diethylether
COc1ccccc1,-3.82,diethylether
COCCO,-3.23,diethylether
Ic1ccccc1,-4.75,diethylether
N,0.48,diethylether
N#Cc1ccccc1,-4.47,diethylether
NC(=O)c1ccccc1,-8.71,diethylether
NC(N)=O,-7.22,diethylether
NC=O,-4.08,diethylether
Nc1ccccc1,-4.62,diethylether
NN,-1.19,diethylether
O,-1.96,diethylether
O=[N+]([O-])c1ccccc1,-4.96,diethylether
O=c1[nH]cc(Br)c(=O)[nH]1,-15.12,diethylether
O=c1[nH]cc(F)c(=O)[nH]1,-13.67,diethylether
O=c1cc[nH]c(=O)[nH]1,-13.14,diethylether
O=Cc1ccc(O)cc1,-10.18,diethylether
O=Cc1cccc(O)c1,-9.47,diethylether
O=Cc1ccccc1,-4.19,diethylether
OC1CCCC1,-4.61,diethylether
Oc1ccccc1,-6.86,diethylether
OCCO,-4.31,diethylether
OO,-5.14,diethylether
CC(=O)Nc1ccccc1,1.15,diethylether-water
Cc1c[nH]c(=O)[nH]c1=O,3.32,diethylether-water
CCNC(N)=O,5.14,diethylether-water
CNC(N)=O,5.86,diethylether-water
NC(=O)C(Cl)(Cl)Cl,0.42,diethylether-water
NC(=O)CCl,3.29,diethylether-water
NC(=O)Nc1ccccc1,2.04,diethylether-water
O=C1CCO1,1.86,diethylether-water
C[N+](=O)[O-],-2.01,diisopropylether
C=O,0.85,diisopropylether
c1ccc2ccccc2c1,-5.35,diisopropylether
c1ccncc1,-2.99,diisopropylether
C1COCCO1,-2.53,diisopropylether
CC(=O)O,-3.84,diisopropylether
CC(C)OC(C)C,-2.08,diisopropylether
Cc1ccccc1,-3.02,diisopropylether
CCC(=O)O,-4.48,diisopropylether
CCC(C)=O,-2.07,diisopropylether
CCCCCCCC,-3.49,diisopropylether
CCNCC,-1.89,diisopropylether
CCO,-2.01,diisopropylether
CN(C)C,-0.85,diisopropylether
Nc1ccccc1,-4.78,diisopropylether
O,-1.69,diisopropylether
O=Cc1ccc(O)cc1,-9.74,diisopropylether
Oc1ccccc1,-6.46,diisopropylether
OO,-4.83,diisopropylether
C[N+](=O)[O-],-3.73,dimethylacetamide
C1COCCO1,-3.12,dimethylacetamide
CC(=O)N(C)C,-4.88,dimethylacetamide
Cc1ccccc1,-3.05,dimethylacetamide
CCC(C)=O,-2.63,dimethylacetamide
CCCCCCCC,-2.05,dimethylacetamide
CCO,-3.51,dimethylacetamide
C[N+](=O)[O-],-3.77,dimethylformamide
C1COCCO1,-3.14,dimethylformamide
Cc1ccccc1,-2.99,dimethylformamide
CCC(C)=O,-2.67,dimethylformamide
CCCCCCCC,-1.88,dimethylformamide
CCO,-3.34,dimethylformamide
CN(C)C=O,-4.58,dimethylformamide
C1COCCO1,-3.01,dimethylpyridine
Cc1cccc(C)n1,-4.15,dimethylpyridine
Cc1ccccc1,-3.14,dimethylpyridine
CCC(C)=O,-2.45,dimethylpyridine
CCCCCCCC,-2.99,dimethylpyridine
CCO,-2.98,dimethylpyridine
C[N+](=O)[O-],-3.77,dimethylsulfoxide
c1ccc(Nc2ccccc2)cc1,-45.81,dimethylsulfoxide
c1ccc2c(c1)[nH]c1ccccc12,-48.01,dimethylsulfoxide
C1COCCO1,-3.01,dimethylsulfoxide
Cc1ccccc1,-2.53,dimethylsulfoxide
CCC(C)=O,-2.34,dimethylsulfoxide
CCCCCCCC,-0.95,dimethylsulfoxide
CCO,-3.36,dimethylsulfoxide
CS(C)=O,-5.74,dimethylsulfoxide
N#CC(C#N)c1ccccc1,-39.11,dimethylsulfoxide
N#CCC#N,-44.11,dimethylsulfoxide
NC(=O)C(F)(F)F,-47.31,dimethylsulfoxide
Nc1ccc([N+](=O)[O-])cc1,-45.51,dimethylsulfoxide
Nc1cccnc1,-49.61,dimethylsulfoxide
Nc1ccncc1,-49.41,dimethylsulfoxide
O=[N+]([O-])c1ccc(O)c([N+](=O)[O-])c1,-36.11,dimethylsulfoxide
O=[N+]([O-])c1ccc(O)cc1,-43.51,dimethylsulfoxide
O=C(O)C(F)(F)F,-43.11,dimethylsulfoxide
O=C(O)c1ccc([N+](=O)[O-])cc1,-46.31,dimethylsulfoxide
Oc1ccc2ccccc2c1,-49.91,dimethylsulfoxide
CC(=O)c1ccccc1,-4.22,dodecane
CCCCCCCCCCCC,-5.94,dodecane
CCCCCCCO,-3.52,dodecane
CCCCCCO,-2.39,dodecane
CCCCCO,-2.2,dodecane
CCCCO,-1.58,dodecane
CCCO,-0.85,dodecane
CCO,-0.17,dodecane
C[N+](=O)[O-],-2.45,ethanol
C1COCCO1,-2.79,ethanol
Cc1ccccc1,-2.68,ethanol
CCC(C)=O,-2.43,ethanol
CCCCCCCC,-2.34,ethanol
CCO,-3.15,ethanol
Clc1ccccc1,-1.41,ethanol
O=C1CCCO1,-2.69,ethanol
C[N+](=O)[O-],-2.56,ethoxybenzene
C1COCCO1,-2.98,ethoxybenzene
Cc1ccccc1,-3.1,ethoxybenzene
CCC(C)=O,-2.39,ethoxybenzene
CCCCCCCC,-2.86,ethoxybenzene
CCO,-1.56,ethoxybenzene
CCOc1ccccc1,-4.86,ethoxybenzene
C[N+](=O)[O-],-3.17,ethylacetate
C1COCCO1,-3.14,ethylacetate
CC(=O)O,-4.57,ethylacetate
Cc1ccc(N)cc1,-5.74,ethylacetate
Cc1ccccc1,-3.16,ethylacetate
CCC(=O)O,-5.06,ethylacetate
CCCCCCCC,-2.83,ethylacetate
CCCCCCCCO,-6.52,ethylacetate
CCCCCCCO,-5.67,ethylacetate
CCCCCCO,-5.03,ethylacetate
CCCCCO,-4.24,ethylacetate
CCCCO,-3.88,ethylacetate
CCCO,-3.01,ethylacetate
CCO,-2.35,ethylacetate
CCOC(C)=O,-2.57,ethylacetate
CO,-1.48,ethylacetate
O,-2.37,ethylacetate
O=c1[nH]cc(Br)c(=O)[nH]1,-16.04,ethylacetate
O=c1[nH]cc(F)c(=O)[nH]1,-14.21,ethylacetate
O=c1cc[nH]c(=O)[nH]1,-13.54,ethylacetate
Oc1ccccc1,-6.81,ethylacetate
OCCO,-4.93,ethylacetate
OO,-5.71,ethylacetate
Cc1c[nH]c(=O)[nH]c1=O,2.9,ethylacetate-water
CC(=O)C(C)(C)C,-3.03,ethylbenzene
CC(C)=O,-1.52,ethylbenzene
Cc1ccccc1O,-5.36,ethylbenzene
CCC(C)=O,-2.23,ethylbenzene
CCc1ccccc1,-3.78,ethylbenzene
CCCC(C)=O,-2.96,ethylbenzene
CCCCC(C)=O,-3.6,ethylbenzene
CCCCCC(=O)[O-],-3.59,ethylbenzene
CCCCCC(C)=O,-4.21,ethylbenzene
CCCCCCCO,-4.81,ethylbenzene
CCCCCCO,-3.79,ethylbenzene
CCCCCO,-2.83,ethylbenzene
CCCCN,-2.54,ethylbenzene
CCCCO,-1.88,ethylbenzene
CCCN,-1.55,ethylbenzene
CCCO,-1.82,ethylbenzene
CCCOC(C)=O,-3.06,ethylbenzene
CCN,-0.7,ethylbenzene
CCO,-0.6,ethylbenzene
CCOC(C)=O,-2.42,ethylbenzene
CN(C)C,-0.75,ethylbenzene
CO,0.46,ethylbenzene
COC(C)=O,-1.85,ethylbenzene
O,0.38,ethylbenzene
Oc1ccc(Br)cc1,-6.65,ethylbenzene
Oc1ccccc1,-4.93,ethylbenzene
C[N+](=O)[O-],-2.73,fluorobenzene
C1COCCO1,-3.29,fluorobenzene
Cc1ccccc1,-3.38,fluorobenzene
CCC(C)=O,-2.71,fluorobenzene
CCCCCCCC,-3.1,fluorobenzene
CCO,-1.56,fluorobenzene
Fc1ccccc1,-2.71,fluorobenzene
CCCCCC(=O)[O-],-3.33,fluoroctane
CCCOC(C)=O,-2.76,fluoroctane
CCOC(C)=O,-2.27,fluoroctane
COC(C)=O,-1.7,fluoroctane
Brc1ccc(Br)cc1,-5.66,heptane
Brc1ccccc1,-3.83,heptane
c1ccc2cc3ccccc3cc2c1,-8.11,heptane
c1ccc2ccccc2c1,-5.13,heptane
c1ccccc1,-2.11,heptane
c1ccncc1,-2.39,heptane
c1ccsc1,-2.2,heptane
CC(=O)C(C)(C)C,-2.41,heptane
CC(=O)c1ccccc1,-4.25,heptane
CC(=O)N(C)C,-2.91,heptane
CC(C)=O,-0.72,heptane
CC#N,-0.17,heptane
Cc1ccc(C)cc1,-3.63,heptane
Cc1ccc(N)cc1,-4.26,heptane
Cc1ccc(O)cc1,-3.88,heptane
Cc1cccc(C)c1,-3.78,heptane
Cc1cccc(N)c1,-4.46,heptane
Cc1cccc(O)c1,-3.12,heptane
Cc1ccccc1,-2.89,heptane
Cc1ccccc1C,-3.63,heptane
Cc1ccccc1N,-4.39,heptane
Cc1ccccc1O,-4.12,heptane
CCC(=O)O,-2.17,heptane
CCC(C)=O,-1.47,heptane
CCCC(C)=O,-2.18,heptane
CCCCC(C)=O,-2.66,heptane
CCCCCC(=O)[O-],-2.94,heptane
CCCCCC(=O)OC,-3.74,heptane
CCCCCC(C)=O,-3.33,heptane
CCCCCCC,-2.76,heptane
CCCCCCC(C)=O,-3.79,heptane
CCCCCCCO,-3.71,heptane
CCCCCCO,-3.0,heptane
CCCCCO,-2.2,heptane
CCCCN,-1.66,heptane
CCCCO,-1.77,heptane
CCCN,-1.14,heptane
CCCO,-1.12,heptane
CCCOC(C)=O,-2.2,heptane
CCCOP(=O)(OCCC)OCCC,-5.61,heptane
CCN,-0.2,heptane
CCO,-0.26,heptane
CCOC(C)=O,-1.61,heptane
CCOP(=O)(OCC)OCC,-4.78,heptane
Clc1ccc(Cl)cc1,-3.92,heptane
Clc1ccccc1,-3.26,heptane
Clc1ccccc1-c1ccccc1Cl,-7.33,heptane
Clc1ccccc1Cl,-4.12,heptane
CN1CCCC1=O,-3.91,heptane
CO,0.6,heptane
COc1ccccc1,-3.46,heptane
COP(=O)(OC)OC,-3.7,heptane
Fc1ccccc1,-2.24,heptane
Ic1ccccc1,-4.38,heptane
N#Cc1ccccc1,-3.44,heptane
NC(=O)c1ccccc1,-5.37,heptane
Nc1ccccc1,-3.49,heptane
O=[N+]([O-])c1ccccc1,-4.25,heptane
O=c1[nH]cc(Br)c(=O)[nH]1,-10.84,heptane
O=c1[nH]cc(F)c(=O)[nH]1,-9.39,heptane
O=Cc1ccccc1,-3.61,heptane
Oc1ccccc1,-3.43,heptane
c1ccc2cnccc2c1,0.51,heptane-water
CC(=O)Nc1ccccc1,3.69,heptane-water
CC(C)OP(C)(=O)F,2.84,heptane-water
CCN(CC)C(C)=O,3.94,heptane-water
NC(=O)C(Cl)(Cl)Cl,3.1,heptane-water
NC(=O)Nc1ccccc1,6.2,heptane-water
c1ccccc1,-1.84,heptanol
CC(=O)O,-4.81,heptanol
Cc1ccc(O)cc1,-7.27,heptanol
Cc1ccccc1,-2.44,heptanol
Cc1ccccc1O,-6.89,heptanol
CCc1ccccc1,-2.69,heptanol
CCCCCCCO,-5.95,heptanol
CCCCN,-3.51,heptanol
CCCN,-2.91,heptanol
CCN,-2.26,heptanol
Oc1ccc(Br)cc1,-8.6,heptanol
Oc1ccccc1,-6.8,heptanol
[HH],3.53,hexadecane
BrC(Br)Br,-3.27,hexadecane
Brc1ccccc1,-3.62,hexadecane
BrCBr,-2.05,hexadecane
C,2.34,hexadecane
C[N+](=O)[O-],-0.69,hexadecane
C[Si](C)(C)C,-1.03,hexadecane
C#C,1.69,hexadecane
C#CC,0.49,hexadecane
C#CCC,-0.18,hexadecane
C#CCCC,-0.85,hexadecane
C#CCCCC,-1.53,hexadecane
C=C,1.5,hexadecane
C=CC,0.6,hexadecane
C=CCBr,-1.53,hexadecane
C=CCC,-0.14,hexadecane
C=CCCC,-0.9,hexadecane
C=CCCCC,-1.62,hexadecane
C=CCCl,-0.99,hexadecane
C=CCI,-2.21,hexadecane
C=CCO,-0.84,hexadecane
C=O,0.9,hexadecane
C1CC1,0.11,hexadecane
c1ccc2c(c1)ccc1c3ccccc3ccc21,-12.21,hexadecane
c1ccc2cc3ccccc3cc2c1,-8.43,hexadecane
c1ccc2ccccc2c1,-5.4,hexadecane
C1CCCC1,-1.49,hexadecane
c1ccccc1,-1.91,hexadecane
C1CCCCC1,-2.15,hexadecane
c1ccncc1,-2.21,hexadecane
C1CCOC1,-1.71,hexadecane
C1CCOCC1,-2.19,hexadecane
c1ccsc1,-2.12,hexadecane
C1COCCO1,-1.93,hexadecane
CC,1.22,hexadecane
CC(=O)C(C)(C)C,-2.05,hexadecane
CC(=O)c1ccccc1,-4.25,hexadecane
CC(=O)O,-0.5,hexadecane
CC(C)(C)C,-0.59,hexadecane
CC(C)(C)O,-0.85,hexadecane
CC(C)[N+](=O)[O-],-1.58,hexadecane
CC(C)=O,-0.42,hexadecane
CC(C)Br,-1.37,hexadecane
CC(C)C,-0.03,hexadecane
CC(C)CC(C)(C)C,-2.35,hexadecane
CC(C)CC(C)C,-1.98,hexadecane
CC(C)Cl,-0.8,hexadecane
CC(C)O,-0.58,hexadecane
CC(C)OC(C)C,-2.13,hexadecane
CC(Cl)(Cl)Cl,-1.84,hexadecane
CC(N)=O,-1.44,hexadecane
CC[N+](=O)[O-],-1.4,hexadecane
CC#N,-0.48,hexadecane
CC=O,0.21,hexadecane
Cc1ccc(Br)cc1,-4.3,hexadecane
Cc1ccc(C)cc1,-3.35,hexadecane
Cc1ccc(C)nc1,-3.63,hexadecane
Cc1ccc(N)cc1,-4.15,hexadecane
Cc1ccc(O)cc1,-3.99,hexadecane
Cc1cccc(C)c1,-3.35,hexadecane
Cc1cccc(C)n1,-3.38,hexadecane
Cc1cccc(O)c1,-4.02,hexadecane
CC1CCCCC1,-2.54,hexadecane
Cc1ccccc1,-2.65,hexadecane
Cc1ccccc1[N+](=O)[O-],-4.63,hexadecane
Cc1ccccc1Br,-4.47,hexadecane
Cc1ccccc1C,-3.48,hexadecane
Cc1ccccc1N,-4.19,hexadecane
Cc1ccccc1O,-3.89,hexadecane
Cc1ccccn1,-2.79,hexadecane
Cc1cccnc1,-3.02,hexadecane
Cc1ccnc(C)c1,-3.63,hexadecane
Cc1ccncc1,-3.0,hexadecane
Cc1ccncc1C,-0.69,hexadecane
Cc1cncc(C)c1,-0.63,hexadecane
CCBr,-1.0,hexadecane
CCC,0.46,hexadecane
CCC(=O)[O-],-0.7,hexadecane
CCC(=O)CC,-1.94,hexadecane
CCC(C)=O,-1.23,hexadecane
CCC[N+](=O)[O-],-2.06,hexadecane
CCC#N,-0.95,hexadecane
CCC=O,-0.59,hexadecane
CCc1ccccc1,-3.26,hexadecane
CCc1ccncc1,-0.56,hexadecane
CCCBr,-1.68,hexadecane
CCCC,-0.31,hexadecane
CCCC(=O)CCC,-3.31,hexadecane
CCCC(C)=O,-1.87,hexadecane
CCCC(C)C,-1.59,hexadecane
CCCC[N+](=O)[O-],-2.77,hexadecane
CCCC=O,-1.21,hexadecane
CCCCBr,-2.35,hexadecane
CCCCC,-1.06,hexadecane
CCCCC(=O)CCCC,-4.57,hexadecane
CCCCC(C)=O,-2.56,hexadecane
CCCCC=O,-2.0,hexadecane
CCCCCBr,-3.04,hexadecane
CCCCCC,-1.75,hexadecane
CCCCCC(=O)[O-],-2.72,hexadecane
CCCCCC(=O)OC,-3.54,hexadecane
CCCCCC(C)=O,-3.24,hexadecane
CCCCCCC,-2.44,hexadecane
CCCCCCC(C)=O,-3.92,hexadecane
CCCCCCCC,-3.13,hexadecane
CCCCCCCC=O,-4.09,hexadecane
CCCCCCCCCCCCCCCC,-8.63,hexadecane
CCCCCCCCCCCCCCCCCC(=O)OCC,-11.8,hexadecane
CCCCCCCCCCO,-5.79,hexadecane
CCCCCCCCF,-3.36,hexadecane
CCCCCCCCO,-4.41,hexadecane
CCCCCCCO,-3.73,hexadecane
CCCCCCF,-2.14,hexadecane
CCCCCCO,-3.03,hexadecane
CCCCCI,-3.74,hexadecane
CCCCCN,-2.39,hexadecane
CCCCCO,-2.35,hexadecane
CCCCI,-3.06,hexadecane
CCCCl,-0.97,hexadecane
CCCCO,-1.66,hexadecane
CCCI,-2.38,hexadecane
CCCl,-0.4,hexadecane
CCCN,-1.03,hexadecane
CCCNCCC,-2.68,hexadecane
CCCO,-0.88,hexadecane
CCCOC(C)=O,-2.04,hexadecane
CCCS,-1.77,hexadecane
CCCSCCC,-3.72,hexadecane
CCF,1.13,hexadecane
CCI,-1.62,hexadecane
CCN,-0.4,hexadecane
CCNCC,-1.38,hexadecane
CCO,-0.14,hexadecane
CCOC(C)=O,-1.36,hexadecane
CCOCC,-0.92,hexadecane
CCS,-1.07,hexadecane
CCSCC,-2.34,hexadecane
CCSSCC,-3.85,hexadecane
CI,-0.99,hexadecane
ClC(Cl)(Cl)Br,-2.57,hexadecane
ClC(Cl)=C(Cl)Cl,-2.99,hexadecane
ClC(Cl)Cl,-1.49,hexadecane
ClC=C(Cl)Cl,-2.19,hexadecane
ClC=CCl,-1.44,hexadecane
Clc1ccc(Cl)cc1,-4.13,hexadecane
Clc1ccccc1,-3.1,hexadecane
Clc1ccccc1Cl,-4.27,hexadecane
ClCC(Cl)Cl,-2.6,hexadecane
ClCCl,-0.87,hexadecane
CN(C)C,-0.32,hexadecane
CNC,-0.29,hexadecane
CNc1ccccc1,-4.3,hexadecane
CO,0.57,hexadecane
COC,0.4,hexadecane
COC(=O)c1ccccc1,-4.42,hexadecane
COC=O,-0.1,hexadecane
COc1ccccc1,-3.46,hexadecane
COCCOC,-1.74,hexadecane
COP(C)(=O)OC,-3.54,hexadecane
CSC,-1.16,hexadecane
CSSC,-2.95,hexadecane
FC(F)(Cl)C(F)(Cl)Cl,-1.0,hexadecane
FC(F)(F)C(Cl)Br,-1.08,hexadecane
Fc1ccccc1,-2.14,hexadecane
Ic1ccccc1,-4.36,hexadecane
ICI,-3.37,hexadecane
N,0.96,hexadecane
N#Cc1ccccc1,-3.62,hexadecane
NC(N)=O,-4.48,hexadecane
NC=O,-1.02,hexadecane
Nc1ccccc1,-3.55,hexadecane
O,1.54,hexadecane
O=[N+]([O-])c1ccccc1,-4.33,hexadecane
O=C1CCCC1,-2.5,hexadecane
O=Cc1ccccc1,-3.55,hexadecane
OC1CCCC1,-2.53,hexadecane
Oc1ccccc1,-3.25,hexadecane
OCC(F)(F)F,0.22,hexadecane
OCCO,-0.92,hexadecane
Sc1ccccc1,-3.72,hexadecane
c1ccccc1,-1.82,hexadecyliodide
C1CCCCC1,-1.77,hexadecyliodide
CC1CCCCC1,-2.18,hexadecyliodide
Cc1ccccc1,-2.52,hexadecyliodide
CCCCC,-0.7,hexadecyliodide
CCCCCC,-1.37,hexadecyliodide
CCCCCCC,-2.01,hexadecyliodide
ClC(Cl)Cl,-1.47,hexadecyliodide
ClCCl,-0.87,hexadecyliodide
BrC(Br)Br,-2.49,hexane
Brc1ccccc1,-3.77,hexane
C[N+](=O)[O-],-1.01,hexane
c1ccccc1,-2.07,hexane
c1ccncc1,-1.92,hexane
C1COCCO1,-2.19,hexane
CC(=O)C(C)(C)C,-2.45,hexane
CC(=O)c1ccccc1,-4.16,hexane
CC(=O)O,-0.94,hexane
CC(C)=O,-0.71,hexane
CC[N+](=O)[O-],-1.3,hexane
Cc1ccc(C)cc1,-3.12,hexane
Cc1ccc(N)cc1,-4.29,hexane
Cc1ccc(O)cc1,-3.97,hexane
Cc1cccc(C)c1,-3.1,hexane
Cc1ccccc1,-2.95,hexane
Cc1ccccc1C,-3.33,hexane
Cc1ccccc1O,-4.36,hexane
CCC(=O)O,-1.09,hexane
CCC(C)=O,-1.59,hexane
CCc1ccccc1,-3.1,hexane
CCCC[N+](=O)[O-],-2.75,hexane
CCCCC(C)=O,-2.79,hexane
CCCCCC,-2.11,hexane
CCCCCC(=O)[O-],-2.97,hexane
CCCCCC(=O)OC,-3.75,hexane
CCCCCC(C)=O,-3.47,hexane
CCCCCCCC,-3.57,hexane
CCCCCCCO,-3.86,hexane
CCCCCCO,-3.25,hexane
CCCCCO,-2.49,hexane
CCCCN,-1.73,hexane
CCCCO,-1.88,hexane
CCCN,-1.24,hexane
CCCO,-0.92,hexane
CCCOC(C)=O,-2.21,hexane
CCCOP(=O)(OCCC)OCCC,-5.35,hexane
CCN,-0.2,hexane
CCO,-0.84,hexane
CCOC(C)=O,-1.73,hexane
CCOP(=O)(OCC)OCC,-4.89,hexane
ClC(Cl)Cl,-1.28,hexane
Clc1ccc(Cl)cc1,-3.8,hexane
Clc1ccccc1,-3.25,hexane
CO,0.4,hexane
COP(=O)(OC)OC,-3.93,hexane
Fc1ccccc1,-2.26,hexane
N#Cc1cc(Br)c(O)c(Br)c1,-7.78,hexane
NC(=O)c1ccccc1,-5.88,hexane
Nc1ccccc1,-3.54,hexane
O=[N+]([O-])c1ccccc1,-4.2,hexane
O=Cc1ccc(O)cc1,-7.29,hexane
O=Cc1ccccc1,-3.64,hexane
Oc1ccc(Br)cc1,-5.07,hexane
Oc1ccccc1,-3.6,hexane
CC(=O)Nc1ccccc1,3.24,hexane-water
C=O,-1.53,hexanol
c1ccccc1,-1.79,hexanol
CC(=O)O,-4.62,hexanol
Cc1ccc(O)cc1,-7.32,hexanol
Cc1cccc(O)c1,-6.53,hexanol
Cc1ccccc1,-2.38,hexanol
Cc1ccccc1O,-6.87,hexanol
CCc1ccccc1,-2.65,hexanol
CCCCCCO,-5.16,hexanol
CCCCN,-3.61,hexanol
CCCN,-2.94,hexanol
CCN,-2.31,hexanol
Oc1ccc(Br)cc1,-8.62,hexanol
Oc1ccccc1,-6.87,hexanol
C[N+](=O)[O-],-2.21,iodobenzene
C1COCCO1,-3.05,iodobenzene
Cc1ccc(O)cc1,-5.12,iodobenzene
Cc1cccc(O)c1,-4.15,iodobenzene
Cc1ccccc1,-3.1,iodobenzene
Cc1ccccc1O,-5.25,iodobenzene
CCC(C)=O,-2.33,iodobenzene
CCCCCCCC,-2.83,iodobenzene
CCCCCCCO,-4.64,iodobenzene
CCCCCCO,-3.82,iodobenzene
CCCCCO,-3.13,iodobenzene
CCCCN,-2.3,iodobenzene
CCCCO,-2.16,iodobenzene
CCCN,-1.65,iodobenzene
CCCO,-1.63,iodobenzene
CCN,-0.84,iodobenzene
CCO,-1.29,iodobenzene
CO,-0.29,iodobenzene
Oc1ccc(Br)cc1,-6.56,iodobenzene
Oc1ccccc1,-4.87,iodobenzene
C1CCNCC1,-4.28,isobutanol
c1ccncc1,-3.98,isobutanol
C1CNCCN1,-4.69,isobutanol
CC(=O)O,-4.91,isobutanol
CC(C)CO,-3.9,isobutanol
CCC(=O)O,-5.09,isobutanol
CCCC=O,-2.93,isobutanol
CCCNCCC,-3.98,isobutanol
CCNCC,-2.97,isobutanol
CCOC(C)=O,-2.38,isobutanol
CN,-2.67,isobutanol
CN(C)C,-2.01,isobutanol
CNC,-2.54,isobutanol
OO,-6.04,isobutanol
C[N+](=O)[O-],-0.93,isooctane
C=CC,0.28,isooctane
C=CCC,-0.37,isooctane
C=CCCC,-0.47,isooctane
c1ccccc1,-2.12,isooctane
C1COCCO1,-2.13,isooctane
CC(C)=O,-0.55,isooctane
Cc1ccc(O)cc1,-3.7,isooctane
Cc1cccc(C)c1,-3.23,isooctane
Cc1ccccc1,-2.79,isooctane
Cc1ccccc1O,-3.79,isooctane
CCC(C)=O,-1.51,isooctane
CCC[N+](=O)[O-],-2.05,isooctane
CCCC(C)=O,-2.25,isooctane
CCCC=O,-1.56,isooctane
CCCCC,-1.32,isooctane
CCCCC(C)=O,-2.83,isooctane
CCCCC=O,-2.35,isooctane
CCCCCC,-1.19,isooctane
CCCCCCCC,-3.55,isooctane
CCCCCCO,-3.21,isooctane
CCCCCO,-2.28,isooctane
CCCCN,-1.68,isooctane
CCCCO,-1.67,isooctane
CCCO,-1.11,isooctane
CCCS,-1.89,isooctane
CCO,-0.55,isooctane
CCS,-1.24,isooctane
ClC(Cl)Cl,-1.17,isooctane
COC(=O)c1ccccc1,-4.82,isooctane
Nc1ccccc1,-3.31,isooctane
Oc1ccccc1,-3.41,isooctane
C[N+](=O)[O-],-2.11,isopropanol
C1COCCO1,-2.6,isopropanol
CC(C)O,-2.93,isopropanol
Cc1ccccc1,-2.49,isopropanol
CCC(C)=O,-2.18,isopropanol
CCCCCCCC,-2.61,isopropanol
CCO,-2.95,isopropanol
CC(=O)C(C)(C)C,-2.92,isopropylbenzene
CC(C)=O,-1.43,isopropylbenzene
CC(C)c1ccccc1,-4.15,isopropylbenzene
CCC(=O)O,-2.34,isopropylbenzene
CCC(C)=O,-2.13,isopropylbenzene
CCCC(C)=O,-2.95,isopropylbenzene
CCCCC(C)=O,-3.5,isopropylbenzene
CCCCCC(=O)[O-],-3.47,isopropylbenzene
CCCCCC(=O)OC,-4.3,isopropylbenzene
CCCCCC(C)=O,-4.1,isopropylbenzene
CCCCN,-2.17,isopropylbenzene
CCCOC(C)=O,-2.89,isopropylbenzene
CCO,-1.01,isopropylbenzene
CCOC(C)=O,-2.33,isopropylbenzene
O,0.48,isopropylbenzene
CCCCCC(=O)OC,-4.17,isopropyltoluene
CCCCN,-2.33,isopropyltoluene
COC(C)=O,-1.43,isopropyltoluene
C[N+](=O)[O-],-2.84,mcresol
C1COCCO1,-4.93,mcresol
Cc1cccc(O)c1,-6.51,mcresol
Cc1ccccc1,-2.69,mcresol
CCC(C)=O,-4.09,mcresol
CCCCCCCC,-2.13,mcresol
CCO,-3.69,mcresol
CC(=O)C(C)(C)C,-2.88,mesitylene
Cc1cc(C)cc(C)c1,-4.51,mesitylene
CCC(C)=O,-2.06,mesitylene
CCCC(C)=O,-2.91,mesitylene
CCCCC(C)=O,-3.45,mesitylene
CCCCCC(C)=O,-4.1,mesitylene
Oc1ccccc1,-4.91,mesitylene
O=[N+]([O-])c1ccc(O)c([N+](=O)[O-])c1,-42.01,methanol
C[N+](=O)[O-],-3.17,methoxyethanol
C1COCCO1,-3.02,methoxyethanol
Cc1ccccc1,-2.6,methoxyethanol
CCC(C)=O,-2.39,methoxyethanol
CCCCCCCC,-1.82,methoxyethanol
CCO,-2.82,methoxyethanol
C[N+](=O)[O-],-3.16,methylenechloride
C1COCCO1,-3.44,methylenechloride
Cc1ccc(O)cc1,-5.82,methylenechloride
Cc1ccccc1,-3.64,methylenechloride
CCCCCCCC,-3.29,methylenechloride
CCO,-1.93,methylenechloride
ClCCl,-1.91,methylenechloride
O,-0.74,methylenechloride
Oc1ccc(Br)cc1,-7.2,methylenechloride
Oc1ccccc1,-5.61,methylenechloride
Sc1ccccc1,-5.22,methylenechloride
C[N+](=O)[O-],-3.22,methylformamide
C1COCCO1,-2.97,methylformamide
Cc1ccccc1,-2.45,methylformamide
CCC(C)=O,-2.45,methylformamide
CCCCCCCC,-1.45,methylformamide
CCO,-3.23,methylformamide
CNC=O,-6.38,methylformamide
C[N+](=O)[O-],-3.01,nitrobenzene
CC(=O)O,-2.89,nitrobenzene
Cc1ccc(O)cc1,-6.24,nitrobenzene
Cc1cccc(O)c1,-5.4,nitrobenzene
Cc1ccccc1O,-6.27,nitrobenzene
CCC(=O)O,-3.49,nitrobenzene
CO,-1.04,nitrobenzene
Nc1ccccc1,-5.26,nitrobenzene
O=[N+]([O-])c1ccccc1,-6.05,nitrobenzene
Oc1ccc(Br)cc1,-7.87,nitrobenzene
Oc1ccccc1,-5.97,nitrobenzene
OO,-3.56,nitrobenzene
CC(C)OP(C)(=O)F,1.34,nitrobenzene-water
C[N+](=O)[O-],-3.46,nitroethane
C1COCCO1,-3.39,nitroethane
CC[N+](=O)[O-],-3.64,nitroethane
Cc1ccccc1,-2.99,nitroethane
CCC(C)=O,-2.84,nitroethane
CCCCCCCC,-2.0,nitroethane
CCO,-2.09,nitroethane
C[N+](=O)[O-],-3.49,nitromethane
C1COCCO1,-3.57,nitromethane
Cc1ccccc1,-2.63,nitromethane
CCC(C)=O,-2.83,nitromethane
CCCCCCCC,-1.26,nitromethane
CCO,-2.27,nitromethane
O=C1CCCO1,-3.56,nitromethane
CC(=O)C(C)(C)C,-2.3,nonane
Cc1ccccc1O,-4.31,nonane
CCC(C)=O,-1.31,nonane
CCCC(C)=O,-2.08,nonane
CCCCC(C)=O,-2.7,nonane
CCCCCC(=O)[O-],-2.8,nonane
CCCCCC(=O)OC,-3.62,nonane
CCCCCC(C)=O,-3.35,nonane
CCCCCCCCC,-4.02,nonane
CCCCCCCO,-3.73,nonane
CCCCCCO,-3.08,nonane
CCCCCO,-2.03,nonane
CCCCN,-1.66,nonane
CCCCO,-1.88,nonane
CCCN,-1.07,nonane
CCCO,-0.87,nonane
CCCOC(C)=O,-2.18,nonane
CCN,-0.09,nonane
CCO,-0.26,nonane
CCOC(C)=O,-1.56,nonane
CO,0.6,nonane
COC(C)=O,-1.13,nonane
Oc1ccccc1,-3.71,nonane
c1ccccc1,-1.93,nonanol
Cc1ccccc1,-2.45,nonanol
CCc1ccccc1,-2.72,nonanol
CCCCCCCCCO,-7.16,nonanol
CCCCN,-3.46,nonanol
CCCN,-2.77,nonanol
CCN,-2.13,nonanol
COCCO,-3.72,nonanol
Oc1ccc(Br)cc1,-8.47,nonanol
Oc1ccccc1,-6.72,nonanol
CC(=O)C(C)(C)C,-2.32,octane
CC(C)=O,-0.57,octane
Cc1ccc(N)cc1,-4.11,octane
Cc1ccc(O)cc1,-4.3,octane
Cc1cccc(N)c1,-4.26,octane
Cc1cccc(O)c1,-3.3,octane
Cc1ccccc1,-2.93,octane
Cc1ccccc1N,-4.17,octane
Cc1ccccc1O,-4.27,octane
Cc1cnccn1,-2.81,octane
CCC(C)=O,-1.35,octane
CCC[N+](=O)[O-],-2.06,octane
CCc1cnccn1,-3.62,octane
CCCC(C)=O,-2.08,octane
CCCCC(C)=O,-2.71,octane
CCCCCC(=O)[O-],-2.91,octane
CCCCCC(=O)OC,-3.64,octane
CCCCCC(C)=O,-3.36,octane
CCCCCCCC,-3.39,octane
CCCCCCCO,-3.67,octane
CCCCCCO,-2.97,octane
CCCCCO,-2.21,octane
CCCCN,-1.55,octane
CCCCO,-1.8,octane
CCCN,-1.11,octane
CCCO,-0.87,octane
CCCOC(C)=O,-2.2,octane
CCN,-0.15,octane
CCNCC,-1.53,octane
CCO,-0.26,octane
CCOC(C)=O,-1.59,octane
CO,0.6,octane
COC(C)=O,-1.17,octane
Nc1ccccc1,-2.95,octane
Oc1ccccc1,-3.58,octane
[HH],3.65,octanol
BrC(Br)Br,-3.73,octanol
Brc1ccc(Br)cc1,-5.58,octanol
Brc1ccccc1,-3.57,octanol
BrCBr,-2.29,octanol
C,2.4,octanol
C[N+](=O)[O-],-1.62,octanol
C[Si](C)(C)C,0.1,octanol
C#C,1.38,octanol
C#CC,0.3,octanol
C#CCCC,-0.9,octanol
C#CCCCC,-1.54,octanol
C=C,1.62,octanol
C=C(C)C,-0.14,octanol
C=CC,0.75,octanol
C=CCBr,-1.41,octanol
C=CCC,0.0,octanol
C=CCCCC,-1.05,octanol
C=CCO,-3.38,octanol
C=O,-1.34,octanol
c1cc[nH]c1,-3.39,octanol
C1CC1,0.29,octanol
c1ccc2cc3ccccc3cc2c1,-8.58,octanol
c1ccc2ccccc2c1,-5.08,octanol
c1ccc2ncccc2c1,-6.54,octanol
C1CCCC1,-0.76,octanol
c1ccccc1,-1.83,octanol
C1CCCCC1,-1.57,octanol
C1CCNCC1,-4.38,octanol
c1ccncc1,-3.45,octanol
C1CCOC1,-2.04,octanol
C1CCOCC1,-2.32,octanol
c1ccsc1,-2.0,octanol
C1CNCCN1,-3.91,octanol
C1COCCN1,-4.1,octanol
C1COCCO1,-3.0,octanol
CBr,-0.54,octanol
CC,1.25,octanol
CC(=O)C(C)(C)C,-2.64,octanol
CC(=O)c1ccccc1,-4.85,octanol
CC(=O)N(C)C,-5.59,octanol
CC(=O)Nc1ccc(O)cc1,-13.57,octanol
CC(=O)Nc1cccc(O)c1,-13.04,octanol
CC(=O)Nc1ccccc1O,-10.7,octanol
CC(=O)O,-4.46,octanol
CC(C)(C)C,0.15,octanol
CC(C)(C)O,-2.89,octanol
CC(C)[N+](=O)[O-],-2.34,octanol
CC(C)=O,-1.26,octanol
CC(C)Br,-1.51,octanol
CC(C)C,0.44,octanol
CC(C)Cl,-0.95,octanol
CC(C)I,-2.51,octanol
CC(C)O,-2.73,octanol
CC(Cl)(Cl)Cl,-1.8,octanol
CC(F)F,0.76,octanol
CC(O)C(F)(F)F,-3.23,octanol
CC[N+](=O)[O-],-2.04,octanol
CC#N,-1.26,octanol
Cc1ccc(C)cc1,-3.3,octanol
Cc1ccc(N)cc1,-5.55,octanol
Cc1ccc(O)cc1,-6.95,octanol
Cc1cccc(C)c1,-3.36,octanol
Cc1cccc(N)c1,-5.68,octanol
Cc1cccc(O)c1,-6.31,octanol
CC1CCCCC1,-1.32,octanol
Cc1ccccc1,-2.66,octanol
Cc1ccccc1[N+](=O)[O-],-4.91,octanol
Cc1ccccc1Br,-4.47,octanol
Cc1ccccc1C,-3.18,octanol
Cc1ccccc1N,-5.47,octanol
Cc1ccccc1O,-6.6,octanol
Cc1ccccn1,-4.25,octanol
Cc1cccnc1,-4.51,octanol
Cc1ccncc1,-4.71,octanol
Cc1cnccn1,-3.98,octanol
CCBr,-1.01,octanol
CCC,0.63,octanol
CCC(=O)CC,-2.47,octanol
CCC(C)=O,-1.89,octanol
CCC[N+](=O)[O-],-2.55,octanol
CCC#N,-1.77,octanol
CCC=O,-2.24,octanol
CCc1ccccc1,-3.19,octanol
CCc1ccncc1,-5.91,octanol
CCc1cnccn1,-4.51,octanol
CCc1nccnc1OC,-4.96,octanol
CCCBr,-1.53,octanol
CCCC,0.03,octanol
CCCC(C)=O,-2.46,octanol
CCCC[N+](=O)[O-],-3.22,octanol
CCCC=O,-2.73,octanol
CCCCBr,-2.27,octanol
CCCCC,-0.56,octanol
CCCCC(C)=O,-3.13,octanol
CCCCCBr,-2.79,octanol
CCCCCC,-1.12,octanol
CCCCCC(=O)[O-],-3.07,octanol
CCCCCC(C)=O,-3.76,octanol
CCCCCCC,-1.85,octanol
CCCCCCC(C)=O,-4.49,octanol
CCCCCCCC,-2.29,octanol
CCCCCCCCCCO,-7.99,octanol
CCCCCCCCO,-6.24,octanol
CCCCCCCO,-5.86,octanol
CCCCCCO,-5.17,octanol
CCCCCO,-4.51,octanol
CCCCl,-1.17,octanol
CCCCN,-3.44,octanol
CCCCO,-3.82,octanol
CCCCOC(=O)c1ccc(O)cc1,-11.7,octanol
CCCl,-0.69,octanol
CCCN,-2.88,octanol
CCCNCCC,-4.13,octanol
CCCO,-3.13,octanol
CCCOC(=O)c1ccc(O)cc1,-11.63,octanol
CCCOC(C)=O,-2.66,octanol
CCCOP(=O)(OCCC)OCCC,-6.76,octanol
CCCS,-1.63,octanol
CCI,-1.56,octanol
CCN,-2.2,octanol
CCNCC,-2.86,octanol
CCO,-2.47,octanol
CCOC(=O)c1ccc(O)cc1,-10.68,octanol
CCOC(C)=O,-2.17,octanol
CCOc1ccc(NC(C)=O)cc1,-11.18,octanol
CCOCC,-1.0,octanol
CCOP(=O)(OCC)OCC,-6.99,octanol
CCSCC,-2.2,octanol
CI,-1.18,octanol
ClC(Cl)=C(Cl)Cl,-2.35,octanol
ClC(Cl)Cl,-1.92,octanol
ClC=C(Cl)Cl,-1.86,octanol
ClC=CCl,-1.82,octanol
Clc1c(Cl)c(Cl)c(Cl)c(Cl)c1Cl,-8.26,octanol
Clc1ccc(Cl)cc1,-3.78,octanol
Clc1cccc(-c2ccccc2)c1Cl,-7.34,octanol
Clc1ccccc1,-3.11,octanol
Clc1ccccc1-c1ccccc1Cl,-7.52,octanol
Clc1ccccc1Cl,-4.12,octanol
ClCC(Cl)Cl,-2.64,octanol
ClCCl,-1.18,octanol
CN,-1.89,octanol
CN(C)C,-1.71,octanol
CN(C)C(=O)Nc1ccccc1,-11.23,octanol
CN(C)C=O,-4.25,octanol
Cn1c(=O)c2c(ncn2C)n(C)c1=O,-10.65,octanol
CN1CCCC1=O,-6.74,octanol
Cn1cnc2c(N)ncnc21,-11.67,octanol
CNC=O,-5.08,octanol
CNc1ccccc1,-5.05,octanol
CNN,-1.99,octanol
CO,-1.98,octanol
COC,-0.17,octanol
COC(=O)c1ccc(O)cc1,-10.29,octanol
COC(=O)c1ccccc1,-5.37,octanol
COC(C)(C)C,-1.6,octanol
COC=O,-0.93,octanol
COc1ccc(C(=O)O)cc1,-9.93,octanol
COc1ccc2cc(C(C)C(=O)O)ccc2c1,-12.66,octanol
COc1cccc(C(=O)O)c1,-9.8,octanol
COc1ccccc1,-3.58,octanol
COc1ccccc1C(=O)O,-10.6,octanol
COCCO,-3.94,octanol
COCCOC,-2.66,octanol
COP(=O)(OC)OC,-5.92,octanol
CSc1ccccc1,-4.58,octanol
CSSC,-2.35,octanol
FC(Cl)(Cl)Cl,-0.74,octanol
FC(F)(Cl)C(F)(Cl)Cl,-0.65,octanol
FC(F)(Cl)Cl,0.64,octanol
FC(F)(F)Br,1.14,octanol
FC(F)(F)C(Cl)Br,-1.38,octanol
FC(F)(F)F,3.39,octanol
FC(F)Cl,-0.08,octanol
FC1(F)C(F)(F)C(F)(F)C1(F)F,2.2,octanol
Fc1ccccc1,-1.98,octanol
Ic1ccccc1,-4.29,octanol
ICI,-3.74,octanol
N#Cc1c(Cl)cccc1Cl,-7.29,octanol
N#Cc1ccccc1,-4.2,octanol
NC(=O)c1ccccc1,-9.88,octanol
NC(N)=O,-9.04,octanol
NC=O,-5.91,octanol
Nc1ccc([N+](=O)[O-])cc1,-9.46,octanol
Nc1ccccc1,-4.82,octanol
NN,-1.55,octanol
O,-2.54,octanol
O=[N+]([O-])c1c(Cl)c(Cl)c(Cl)c(Cl)c1Cl,-9.66,octanol
O=[N+]([O-])c1ccccc1,-4.74,octanol
O=C(O)c1cc(-c2ccc(F)cc2F)ccc1O,-13.57,octanol
O=C(O)c1ccccc1Nc1cccc(C(F)(F)F)c1,-10.95,octanol
O=C(O)CCC(=O)c1ccc(-c2ccccc2)cc1,-15.23,octanol
O=c1[nH]cc(Br)c(=O)[nH]1,-15.99,octanol
O=c1[nH]cc(C(F)(F)F)c(=O)[nH]1,-13.62,octanol
O=c1[nH]cc(Cl)c(=O)[nH]1,-15.37,octanol
O=c1[nH]cc(F)c(=O)[nH]1,-13.82,octanol
O=c1[nH]cc(I)c(=O)[nH]1,-16.88,octanol
O=c1cc[nH]c(=O)[nH]1,-13.24,octanol
O=C1CCCC1,-3.12,octanol
O=C1CCCN1,-6.96,octanol
O=C1CCCO1,-4.94,octanol
O=C1NC(=O)c2ccccc21,-9.29,octanol
O=Cc1ccc(O)cc1,-10.47,octanol
O=Cc1cccc(O)c1,-9.5,octanol
O=Cc1ccccc1,-4.24,octanol
O=S1(=O)CCCC1,-5.67,octanol
OC(C(F)(F)F)C(F)(F)F,-3.87,octanol
Oc1ccc(Br)cc1,-8.7,octanol
Oc1ccccc1,-6.8,octanol
OCC(F)(F)F,-2.92,octanol
OCCO,-5.55,octanol
Sc1ccccc1,-4.1,octanol
Brc1ccncc1,-0.21,octanol-water
C[Si](C)(C)c1ccc(O)cc1,-3.33,octanol-water
C[Si](C)(C)c1ccccc1,-4.53,octanol-water
C[Si](C)(C)Cc1ccccc1,-3.73,octanol-water
C[Si](C)(C)O[Si](C)(C)C,-3.82,octanol-water
C[Si](C)(C)O[Si](C)(C)O[Si](C)(C)C,-4.64,octanol-water
C[Si](C)(C)O[Si](C)(C)O[Si](C)(C)O[Si](C)(C)C,-5.45,octanol-water
C[SiH](C)c1ccccc1,-3.54,octanol-water
C=CN1CCCC1=O,1.39,octanol-water
c1ccc(-c2ccccc2)cc1,-3.54,octanol-water
c1ccc(-n2cccc2)cc1,-2.31,octanol-water
c1ccc2c(c1)Cc1ccccc1-2,-3.81,octanol-water
c1ccc2cnccc2c1,-0.95,octanol-water
c1ccc2nnccc2c1,0.62,octanol-water
CC(=O)c1ccncc1,1.24,octanol-water
CC(=O)Nc1c(F)cccc1F,0.95,octanol-water
CC(=O)Nc1ccc(Br)cc1,-0.99,octanol-water
CC(=O)Nc1ccc(C)cc1,-0.25,octanol-water
CC(=O)Nc1ccc(C#N)cc1,0.02,octanol-water
CC(=O)Nc1ccc(F)cc1,0.01,octanol-water
CC(=O)Nc1cccc(C(F)(F)F)c1,-1.36,octanol-water
CC(=O)Nc1cccc(C)c1,-0.25,octanol-water
CC(=O)Nc1cccc(F)c1,-0.25,octanol-water
CC(=O)Nc1ccccc1,0.31,octanol-water
CC(=O)NC1CCSC1=O,2.37,octanol-water
Cc1cc(=O)ss1,0.17,octanol-water
Cc1cc(=S)ss1,-0.66,octanol-water
CC1CCC(=O)O1,2.37,octanol-water
Cc1ccc(C)[nH]1,-0.11,octanol-water
Cc1cccc(NC(N)=O)c1,0.14,octanol-water
Cc1cssc1=O,0.08,octanol-water
Cc1ssc(=O)c1-c1ccccc1,-2.11,octanol-water
Cc1ssc(=O)c1C,-0.47,octanol-water
Cc1ssc(=S)c1C,-1.45,octanol-water
CCCC[Si](C)(C)C,-3.82,octanol-water
CCCC[SiH](C)C,-2.97,octanol-water
CCCCCCC1CCC(=O)O1,-1.81,octanol-water
CCCCNC(N)=O,1.33,octanol-water
CCN(CC)C(C)=O,1.43,octanol-water
CCN1CCCCCC1=O,1.01,octanol-water
CCNC(N)=O,2.9,octanol-water
CCO[Si](OCC)(c1ccccc1)c1ccccc1,-4.8,octanol-water
CCO[Si](OCC)(OCC)c1ccccc1,-2.18,octanol-water
CN(C)C(=O)N(C)C,1.63,octanol-water
Cn1ccc(=O)[nH]c1=O,3.25,octanol-water
Cn1cccc1,0.24,octanol-water
CNC(N)=O,3.79,octanol-water
COc1c(Cl)c(Cl)c(Cl)c(Cl)c1Cl,-5.54,octanol-water
COc1ccc(Br)cc1,-2.41,octanol-water
COc1ccc(Cl)cc1,-1.9,octanol-water
COc1ccc(F)cc1,-1.19,octanol-water
COc1cccc(Br)c1,-2.52,octanol-water
COc1cccc(Cl)c1,-2.18,octanol-water
COc1cccc(F)c1,-1.33,octanol-water
COc1ccccc1Br,-2.01,octanol-water
COc1ccccc1Cl,-1.77,octanol-water
COc1ccccc1F,-1.03,octanol-water
CP(C)c1ccccc1,-1.61,octanol-water
CS(=O)(=O)c1ccccc1,1.21,octanol-water
CS(=O)c1ccccc1,1.14,octanol-water
Fc1cccc(F)n1,0.29,octanol-water
N#Cc1c[nH]c(=O)[nH]c1=O,3.15,octanol-water
N#Cc1ccc[nH]1,0.35,octanol-water
N#Cc1ccncc1,1.26,octanol-water
NC(=O)C(Cl)(Cl)Cl,0.48,octanol-water
NC(=O)C(F)(F)F,1.73,octanol-water
NC(=O)CBr,2.6,octanol-water
NC(=O)Cc1ccccc1,1.28,octanol-water
NC(=O)CCl,2.61,octanol-water
NC(=O)CF,3.32,octanol-water
NC(=O)Nc1ccc(Br)cc1,-0.81,octanol-water
NC(=O)Nc1ccc(Cl)cc1,-0.56,octanol-water
NC(=O)Nc1ccc(F)cc1,0.47,octanol-water
NC(=O)Nc1cccc(Br)c1,-0.95,octanol-water
NC(=O)Nc1cccc(C(F)(F)F)c1,-1.26,octanol-water
NC(=O)Nc1cccc(F)c1,0.13,octanol-water
NC(=O)Nc1ccccc1,0.76,octanol-water
Nc1ccncc1,1.48,octanol-water
O=[N+]([O-])c1ccncc1,1.44,octanol-water
O=c1cc(-c2ccccc2)ss1,-2.22,octanol-water
O=C1CCCCN1,2.52,octanol-water
O=C1CCCN1Cc1ccccc1,0.19,octanol-water
O=c1ccss1,0.76,octanol-water
O=c1ssc2ccccc12,-1.83,octanol-water
O=c1sscc1-c1ccccc1,-1.71,octanol-water
OCc1ccncc1,1.81,octanol-water
OCCc1ccncc1,1.75,octanol-water
S=c1cc(-c2ccccc2)ss1,-3.12,octanol-water
S=c1ccss1,-0.36,octanol-water
S=c1ssc2ccccc12,-2.98,octanol-water
CCCCCCCO,-4.61,odichlorobenzene
CCCCCCO,-3.81,odichlorobenzene
CCCCCO,-3.04,odichlorobenzene
CCCCN,-2.24,odichlorobenzene
CCCCO,-2.01,odichlorobenzene
CCCN,-1.55,odichlorobenzene
CCCO,-1.58,odichlorobenzene
CCN,-0.7,odichlorobenzene
CCO,-0.45,odichlorobenzene
Clc1ccccc1Cl,-5.0,odichlorobenzene
CO,0.16,odichlorobenzene
CC(=O)O,-2.79,onitrotoluene
Cc1ccccc1[N+](=O)[O-],-6.15,onitrotoluene
CCC(=O)O,-3.41,onitrotoluene
Oc1ccc(Br)cc1,-7.68,onitrotoluene
Oc1ccccc1,-5.9,onitrotoluene
CCCCCC(=O)[O-],-2.6,pentadecane
CCCCCC(=O)OC,-3.46,pentadecane
CCCCCCCCCCCCCCC,-8.02,pentadecane
CCCOC(C)=O,-2.02,pentadecane
CCOC(C)=O,-1.48,pentadecane
COC(C)=O,-0.93,pentadecane
BrC(Br)Br,-2.94,pentane
CC(=O)C(C)(C)C,-2.54,pentane
CCCC(C)=O,-2.27,pentane
CCCCC,-1.46,pentane
CCCCC(C)=O,-2.9,pentane
CCCCCC(=O)[O-],-2.99,pentane
CCCCCC(=O)OC,-3.78,pentane
CCCCCC(C)=O,-3.51,pentane
CCCCCCCO,-3.73,pentane
CCCCCCO,-3.08,pentane
CCCCCO,-2.03,pentane
CCCCO,-1.88,pentane
CCCN,-1.24,pentane
CCCO,-0.87,pentane
CCCOC(C)=O,-2.32,pentane
CCN,-0.29,pentane
CCO,-0.26,pentane
CCOC(C)=O,-1.8,pentane
ClC(Cl)Cl,-1.37,pentane
CO,0.6,pentane
COC(C)=O,-1.24,pentane
Nc1ccccc1,-3.26,pentane
Oc1ccccc1,-3.78,pentane
C=O,-1.55,pentanol
c1ccccc1,-1.64,pentanol
CC(=O)O,-4.76,pentanol
Cc1ccc(O)cc1,-7.36,pentanol
Cc1ccccc1,-2.36,pentanol
Cc1ccccc1O,-6.68,pentanol
CCC(=O)O,-5.2,pentanol
CCc1ccccc1,-2.59,pentanol
CCCCCO,-6.03,pentanol
CCCCN,-3.66,pentanol
CCCN,-2.99,pentanol
CCN,-2.38,pentanol
CCNCC,-3.41,pentanol
CN,-2.06,pentanol
N,-1.24,pentanol
Nc1ccccc1,-4.55,pentanol
Oc1ccc(Br)cc1,-8.73,pentanol
Oc1ccccc1,-6.66,pentanol
OO,-5.57,pentanol
C[N+](=O)[O-],-2.41,perfluorobenzene
CC(=O)C(C)(C)C,-3.37,perfluorobenzene
CC(C)=O,-1.93,perfluorobenzene
CCCC(C)=O,-3.21,perfluorobenzene
CCCCC(C)=O,-3.66,perfluorobenzene
CCCCCC(=O)[O-],-3.63,perfluorobenzene
CCCCCC(=O)OC,-4.32,perfluorobenzene
CCCCCC(C)=O,-4.26,perfluorobenzene
CCCCN,-2.24,perfluorobenzene
CCCOC(C)=O,-3.17,perfluorobenzene
CCOC(C)=O,-2.67,perfluorobenzene
COC(C)=O,-2.34,perfluorobenzene
Fc1c(F)c(F)c(F)c(F)c1F,-2.53,perfluorobenzene
C[N+](=O)[O-],-2.3,phenylether
C1COCCO1,-2.94,phenylether
Cc1ccccc1,-2.97,phenylether
CCC(C)=O,-2.19,phenylether
CCCCCCCC,-2.49,phenylether
CCO,-1.33,phenylether
C[N+](=O)[O-],-2.15,propanol
C1COCCO1,-2.72,propanol
Cc1ccccc1,-2.58,propanol
CCC(C)=O,-2.26,propanol
CCCCCCCC,-2.5,propanol
CCCO,-3.4,propanol
CCO,-3.12,propanol
C[N+](=O)[O-],-3.22,pyridine
c1ccncc1,-3.58,pyridine
C1COCCO1,-3.25,pyridine
Cc1ccccc1,-3.21,pyridine
CCC(C)=O,-2.72,pyridine
CCCCCCCC,-2.61,pyridine
CCO,-3.19,pyridine
C=O,-0.97,secbutanol
CC(=O)O,-4.92,secbutanol
CCC(=O)O,-5.11,secbutanol
CCCCN,-3.63,secbutanol
O,-3.82,secbutanol
CCCCCC(=O)[O-],-3.33,secbutylbenzene
CCCOC(C)=O,-2.73,secbutylbenzene
CCOC(C)=O,-2.22,secbutylbenzene
COC(C)=O,-2.02,secbutylbenzene
CC(=O)C(C)(C)C,-2.9,tbutylbenzene
CCC(C)=O,-2.05,tbutylbenzene
CCCC(C)=O,-2.83,tbutylbenzene
CCCCC(C)=O,-3.38,tbutylbenzene
CCCCCC(=O)[O-],-3.36,tbutylbenzene
CCCCCC(=O)OC,-4.24,tbutylbenzene
CCCCCC(C)=O,-3.99,tbutylbenzene
CCCOC(C)=O,-2.83,tbutylbenzene
CCOC(C)=O,-2.33,tbutylbenzene
COC(C)=O,-1.68,tbutylbenzene
CC(C)=O,-1.2,tetrachloroethene
CCCCCC(=O)[O-],-3.46,tetrachloroethene
CCCCN,-2.6,tetrachloroethene
CCCOC(C)=O,-2.91,tetrachloroethene
CCOC(C)=O,-2.33,tetrachloroethene
ClC(Cl)=C(Cl)Cl,-3.5,tetrachloroethene
COC(C)=O,-1.74,tetrachloroethene
Oc1ccccc1,-4.21,tetrachloroethene
C[N+](=O)[O-],-3.2,tetrahydrofuran
C1CCOC1,-2.36,tetrahydrofuran
C1COCCO1,-3.28,tetrahydrofuran
Cc1ccccc1,-3.61,tetrahydrofuran
CCC(C)=O,-2.65,tetrahydrofuran
CCCCCCCC,-3.5,tetrahydrofuran
CCO,-2.67,tetrahydrofuran
C[N+](=O)[O-],-3.39,tetrahydrothiophenedioxide
C1COCCO1,-3.01,tetrahydrothiophenedioxide
Cc1ccccc1,-2.34,tetrahydrothiophenedioxide
CCC(C)=O,-2.2,tetrahydrothiophenedioxide
CCCCCCCC,-0.55,tetrahydrothiophenedioxide
CCCCN,-2.36,tetrahydrothiophenedioxide
CCO,-2.41,tetrahydrothiophenedioxide
c1ccc2c(c1)CCCC2,-5.66,tetralin
CC(=O)C(C)(C)C,-2.3,tetralin
CC(C)=O,-0.65,tetralin
CCC(C)=O,-1.23,tetralin
CCCC(C)=O,-2.1,tetralin
CCCCC(C)=O,-2.75,tetralin
CCCCCC(C)=O,-3.44,tetralin
CCO,0.35,tetralin
O,1.96,tetralin
C[N+](=O)[O-],-2.42,toluene
c1ccncc1,-3.24,toluene
C1COCCO1,-3.02,toluene
CC(=O)C(C)(C)C,-3.11,toluene
CC(=O)O,-2.11,toluene
CC(C)=O,-1.7,toluene
Cc1ccc(N)cc1,-5.5,toluene
Cc1ccc(O)cc1,-5.67,toluene
Cc1ccccc1,-3.23,toluene
Cc1ccccc1O,-5.54,toluene
CCC(=O)O,-2.68,toluene
CCC(C)=O,-2.38,toluene
CCC[N+](=O)[O-],-3.36,toluene
CCCC(C)=O,-3.13,toluene
CCCCC(C)=O,-3.71,toluene
CCCCCC(=O)[O-],-3.68,toluene
CCCCCC(=O)OC,-4.49,toluene
CCCCCC(C)=O,-4.41,toluene
CCCCCCCC,-3.49,toluene
CCCCCCCO,-4.86,toluene
CCCCCCO,-4.23,toluene
CCCCCO,-3.28,toluene
CCCCN,-2.44,toluene
CCCCO,-2.42,toluene
CCCN,-1.62,toluene
CCCNCCC,-3.35,toluene
CCCO,-1.82,toluene
CCCOC(C)=O,-3.11,toluene
CCN,-0.78,toluene
CCNCC,-1.86,toluene
CCO,-1.44,toluene
CCOC(C)=O,-2.52,toluene
CN,-0.76,toluene
CN(C)C,-0.82,toluene
CNC,-0.79,toluene
CO,-0.29,toluene
COC(=O)c1ccccc1,-6.07,toluene
N,-0.49,toluene
Nc1ccccc1,-4.8,toluene
O,0.2,toluene
O=C1CCCO1,-2.81,toluene
Oc1ccc(Br)cc1,-6.81,toluene
Oc1ccccc1,-5.04,toluene
OO,-1.25,toluene
CC(=O)O,-5.22,tributylphosphate
CCC(=O)O,-5.84,tributylphosphate
CCCCCCCO,-6.09,tributylphosphate
CCCCCCO,-5.79,tributylphosphate
CCCCCO,-4.8,tributylphosphate
CCCCO,-4.39,tributylphosphate
CCCN,-2.09,tributylphosphate
CCCO,-3.53,tributylphosphate
CCN,-1.4,tributylphosphate
CCO,-2.68,tributylphosphate
CO,-2.27,tributylphosphate
COCCO,-4.25,tributylphosphate
Nc1ccccc1,-5.71,tributylphosphate
O,-2.8,tributylphosphate
C[N+](=O)[O-],-1.74,triethylamine
C1COCCO1,-2.52,triethylamine
Cc1ccccc1,-3.09,triethylamine
CCC(C)=O,-1.97,triethylamine
CCCCCCCC,-3.73,triethylamine
CCN(CC)CC,-2.55,triethylamine
CCO,-2.13,triethylamine
CC(=O)C(C)(C)C,-2.91,trimethylbenzene
Cc1cccc(C)c1C,-4.58,trimethylbenzene
CCC(C)=O,-2.08,trimethylbenzene
CCCC(C)=O,-2.94,trimethylbenzene
CCCCC(C)=O,-3.5,trimethylbenzene
CCCCCC(=O)OC,-4.27,trimethylbenzene
CCCCCC(C)=O,-4.12,trimethylbenzene
COC(C)=O,-1.69,trimethylbenzene
BrC(Br)Br,-2.95,undecane
c1ccccc1,-2.16,undecane
CC(Cl)(Cl)Cl,-1.93,undecane
Cc1ccccc1,-2.92,undecane
CCc1ccccc1,-3.55,undecane
CCCCCCCCCCC,-5.33,undecane
CCCCN,-1.66,undecane
ClC(Cl)=C(Cl)Cl,-2.74,undecane
ClC(Cl)Cl,-1.53,undecane
ClC=C(Cl)Cl,-1.98,undecane
ClC=CCl,-1.71,undecane
Clc1ccccc1,-3.23,undecane
Clc1ccccc1Cl,-4.22,undecane
[HH],4.22,water
BrC(Br)Br,-0.09,water
Brc1ccc(Br)cc1,-0.41,water
Brc1ccccc1,0.43,water
BrCBr,-0.22,water
C,3.89,water
C[N+](=O)[O-],-2.06,water
C[Si](C)(C)C,4.93,water
C#C,1.88,water
C#CC,1.58,water
C#CC=C,1.93,water
C#CCC,1.73,water
C#CCCC,1.9,water
C#CCCCC,2.18,water
C=C,3.16,water
C=C(C)C,3.05,water
C=CC,3.16,water
C=CCBr,1.03,water
C=CCC,3.27,water
C=CCCC,3.55,water
C=CCCCC,3.57,water
C=CCCl,1.32,water
C=CCl,1.3,water
C=CCO,-3.19,water
C1=CCCC1,2.45,water
c1c[nH]cn1,-7.92,water
C1CC1,2.64,water
c1ccc2cc3ccccc3cc2c1,-2.34,water
c1ccc2ccccc2c1,-0.5,water
C1CCCC1,3.09,water
c1ccccc1,1.02,water
C1CCCCC1,3.12,water
C1CCNC1,-3.59,water
C1CCNCC1,-3.22,water
c1ccncc1,-2.81,water
C1CCOC1,-1.58,water
C1CCOCC1,-1.23,water
c1ccsc1,0.47,water
C1CNC1,-3.67,water
C1CNCCN1,-5.51,water
C1COCCN1,-5.28,water
C1COCCO1,-3.16,water
CBr,1.07,water
CC,3.72,water
CC(=O)C(C)(C)C,-1.0,water
CC(=O)c1ccccc1,-2.69,water
CC(=O)CO[N+](=O)[O-],-4.11,water
CC(=O)Nc1ccc(O)cc1,-12.94,water
CC(=O)Nc1cccc(O)c1,-12.04,water
CC(=O)Nc1ccccc1O,-9.72,water
CC(=O)O,-4.81,water
CC(=O)OC(C)OC(C)=O,-3.08,water
CC(=O)OCCOC(C)=O,-4.45,water
CC(C)(C)C,4.39,water
CC(C)(C)O,-2.62,water
CC(C)[N+](=O)[O-],-1.25,water
CC(C)=O,-1.96,water
CC(C)Br,1.41,water
CC(C)C,4.21,water
CC(C)CC(C)(C)C,4.74,water
CC(C)CC(C)C,4.77,water
CC(C)Cl,1.64,water
CC(C)CO[N+](=O)[O-],-0.01,water
CC(C)I,1.43,water
CC(C)O,-2.87,water
CC(C)OC(C)C,1.36,water
CC(Cl)(Cl)Cl,1.64,water
CC(F)F,1.78,water
CC(N)=O,-7.82,water
CC(O)C(F)(F)F,-2.27,water
CC[N+](=O)[O-],-1.82,water
CC#N,-2.0,water
CC=CCC,3.23,water
CC=O,-1.61,water
Cc1ccc(Br)cc1,0.5,water
Cc1ccc(C(=O)N(C)C)cc1,-7.87,water
Cc1ccc(C)cc1,1.08,water
Cc1ccc(C)nc1,-2.83,water
Cc1ccc(N)cc1,-3.66,water
Cc1ccc(O)cc1,-4.25,water
Cc1cccc(C)c1,1.05,water
Cc1cccc(C)n1,-2.71,water
Cc1cccc(N)c1,-3.78,water
Cc1cccc(O)c1,-3.6,water
CC1CCCCC1,3.6,water
Cc1ccccc1,1.0,water
Cc1ccccc1[N+](=O)[O-],-1.7,water
Cc1ccccc1Br,-0.48,water
CC1CCCCC1C,3.47,water
Cc1ccccc1C,0.99,water
Cc1ccccc1Cl,0.74,water
Cc1ccccc1N,-3.67,water
Cc1ccccc1O,-3.98,water
Cc1ccccn1,-2.74,water
Cc1cccnc1,-2.88,water
Cc1ccnc(C)c1,-2.97,water
Cc1ccncc1,-3.05,water
Cc1ccncc1C,-3.33,water
Cc1cn(C)c(=O)[nH]c1=O,-8.51,water
Cc1cncc(C)c1,-2.95,water
Cc1cnccn1,-3.68,water
CCBr,1.19,water
CCC,3.85,water
CCC(=O)[O-],-0.76,water
CCC(=O)CC,-1.52,water
CCC(C)=O,-1.75,water
CCC(C)Cl,1.96,water
CCC[N+](=O)[O-],-1.45,water
CCC#N,-1.96,water
CCC=O,-1.55,water
CCc1ccccc1,1.09,water
CCc1ccncc1,-2.85,water
CCc1cnccn1,-3.62,water
CCCBr,1.33,water
CCCC,3.97,water
CCCC(=O)CCC,-1.04,water
CCCC(C)=O,-1.64,water
CCCC(C)C,4.41,water
CCCC(C)Cl,1.96,water
CCCC[N+](=O)[O-],-1.19,water
CCCC=O,-1.29,water
CCCCBr,1.48,water
CCCCC,4.22,water
CCCCC(=O)CCCC,-0.78,water
CCCCC(C)=O,-1.4,water
CCCCC=O,-1.14,water
CCCCCBr,1.81,water
CCCCCC,4.38,water
CCCCCC(=O)[O-],-0.66,water
CCCCCC(=O)OC,-0.6,water
CCCCCC(C)=O,-1.15,water
CCCCCCC,4.51,water
CCCCCCC(C)=O,-0.99,water
CCCCCCCC,4.78,water
CCCCCCCC(=O)OC,-0.15,water
CCCCCCCC=O,-0.4,water
CCCCCCCCO,-2.2,water
CCCCCCCO,-2.35,water
CCCCCCl,1.96,water
CCCCCCO,-2.47,water
CCCCCI,1.77,water
CCCCCN,-2.21,water
CCCCCO,-2.58,water
CCCCI,1.64,water
CCCCl,1.62,water
CCCCN,-2.4,water
CCCCO,-2.83,water
CCCCOC(=O)c1ccc(O)cc1,-6.83,water
CCCI,1.3,water
CCCl,1.26,water
CCCN,-2.5,water
CCCN(CCC)CCC,-49.01,water
CCCNCCC,-1.77,water
CCCO,-2.94,water
CCCOC(=O)c1ccc(O)cc1,-7.48,water
CCCOC(C)=O,-0.97,water
CCCOP(=O)(OCCC)OCCC,-4.21,water
CCCS,0.84,water
CCCSCCC,0.62,water
CCI,1.17,water
CCl,1.33,water
CCN,-2.61,water
CCNc1ccccc1,-2.73,water
CCNCC,-2.18,water
CCO,-3.12,water
CCOC(=O)c1ccc(O)cc1,-7.31,water
CCOC(C)=O,-1.21,water
CCOC(C)OCC,-1.39,water
CCOc1ccc(NC(C)=O)cc1,-9.02,water
CCOCC,0.13,water
CCOCCOCC,-1.65,water
CCOP(=O)(OCC)OCC,-5.91,water
CCS,0.59,water
CCSCC,0.46,water
CCSSCC,0.26,water
CF,1.67,water
CI,1.0,water
ClC(Cl)(Cl)Br,0.96,water
ClC(Cl)(Cl)C(Cl)(Cl)Cl,0.49,water
ClC(Cl)=C(Cl)Cl,1.94,water
ClC(Cl)Cl,0.82,water
ClC=C(Cl)Cl,1.5,water
ClC=CCl,0.72,water
Clc1c(Cl)c(Cl)c(Cl)c(Cl)c1Cl,-0.44,water
Clc1ccc(Cl)cc1,0.88,water
Clc1cccc(-c2ccccc2)c1Cl,-0.56,water
Clc1ccccc1,0.77,water
Clc1ccccc1-c1ccccc1Cl,-0.84,water
Clc1ccccc1Cl,0.53,water
ClCC(Cl)(Cl)Cl,0.74,water
ClCC(Cl)Cl,-0.06,water
ClCCBr,-0.06,water
ClCCl,0.53,water
ClCCOCCCl,-2.34,water
ClCCSCCCl,-2.03,water
CN,-2.67,water
CN(C)C,-1.34,water
CN(C)C(=O)Nc1ccccc1,-7.74,water
CN(C)c1ccccc1,-1.69,water
CN(C)N,-2.59,water
Cn1c(=O)c2c(ncn2C)n(C)c1=O,-10.75,water
CN1CCN(C)CC1,-5.69,water
CN1CCNCC1,-5.88,water
CN1CCOCC1,-4.45,water
Cn1cnc2c(N)ncnc21,-11.71,water
CNC,-2.4,water
CNc1ccccc1,-2.79,water
CNN,-3.42,water
CO,-3.22,water
COC,-0.03,water
COC(=O)c1ccc(O)cc1,-7.62,water
COC(=O)c1ccccc1,-2.02,water
COC(C)(C)C,-0.32,water
COC=O,-0.89,water
COc1ccc(C(=O)N(C)C)cc1,-9.12,water
COc1ccc(C(=O)O)cc1,-7.26,water
COc1ccc2cc(C(C)C(=O)O)ccc2c1,-8.32,water
COc1cccc(C(=O)O)c1,-7.04,water
COc1ccccc1,-0.56,water
COc1ccccc1C(=O)O,-8.43,water
COCCN,-4.66,water
COCCO,-4.88,water
COCCOC,-2.95,water
COCOC,-1.04,water
COP(=O)(OC)OC,-6.81,water
CS,0.65,water
CSC,0.35,water
CSc1ccccc1,-0.84,water
CSSC,0.06,water
FC(Cl)(Cl)Cl,2.71,water
FC(F)(Cl)C(F)(Cl)Cl,3.66,water
FC(F)(Cl)Cl,3.58,water
FC(F)(F)Br,3.68,water
FC(F)(F)C(Cl)Br,1.76,water
FC(F)(F)C(F)(F)C(F)(F)F,6.17,water
FC(F)(F)C(F)(F)F,5.83,water
FC(F)(F)c1cccc(C(F)(F)F)c1,2.96,water
FC(F)(F)CCl,1.95,water
FC(F)(F)F,5.05,water
FC(F)Cl,1.39,water
FC1(F)C(F)(F)C(F)(F)C1(F)F,5.32,water
Fc1ccccc1,1.11,water
FCCl,1.12,water
Ic1ccccc1,0.16,water
ICI,-0.6,water
N,-2.4,water
N#Cc1c(Cl)cccc1Cl,-3.33,water
N#Cc1cc(Br)c(O)c(Br)c1,-7.11,water
N#Cc1ccccc1,-2.21,water
NC(=O)c1ccccc1,-9.01,water
NC(=S)c1c(Cl)cccc1Cl,-8.92,water
NC(N)=O,-11.91,water
Nc1ccc([N+](=O)[O-])cc1,-7.56,water
Nc1ccc(N)c2c1C(=O)c1c(N)ccc(N)c1C2=O,-7.01,water
Nc1ccc(N=Nc2ccc([N+](=O)[O-])cc2)cc1,-9.31,water
Nc1ccc(Nc2ccccc2)c2c1C(=O)c1ccccc1C2=O,-5.51,water
Nc1cccc2c1C(=O)c1ccccc1C2=O,-6.11,water
Nc1ccccc1,-3.6,water
NCCN,-7.83,water
NN,-4.37,water
O,-4.42,water
O=[N+]([O-])c1c(Cl)c(Cl)c(Cl)c(Cl)c1Cl,-3.33,water
O=[N+]([O-])c1ccccc1,-2.23,water
O=[N+]([O-])OCCO[N+](=O)[O-],-3.81,water
O=C([O-])c1ccccc1,-1.93,water
O=C(O)c1cc(-c2ccc(F)cc2F)ccc1O,-7.51,water
O=C(O)c1ccccc1Nc1cccc(C(F)(F)F)c1,-3.79,water
O=C(O)CCC(=O)c1ccc(-c2ccccc2)cc1,-10.86,water
O=c1[nH]cc(Br)c(=O)[nH]1,-16.28,water
O=c1[nH]cc(C(F)(F)F)c(=O)[nH]1,-13.57,water
O=c1[nH]cc(Cl)c(=O)[nH]1,-15.85,water
O=c1[nH]cc(F)c(=O)[nH]1,-15.03,water
O=c1[nH]cc(I)c(=O)[nH]1,-16.83,water
O=c1cc(Cl)[nH]c(=O)[nH]1,-13.94,water
O=c1cc[nH]c(=O)[nH]1,-14.7,water
O=C1CCCC1,-2.79,water
O=C1NC(=O)c2ccccc21,-7.72,water
O=Cc1ccc(O)cc1,-8.59,water
O=Cc1cccc(O)c1,-7.62,water
O=Cc1ccccc1,-2.13,water
O=S1(=O)CCCC1,-6.72,water
OC(C(F)(F)F)C(F)(F)F,-1.88,water
Oc1ccc(Br)cc1,-5.24,water
OC1CCCC1,-3.6,water
Oc1ccccc1,-4.73,water
OCC(F)(F)F,-2.42,water
OCCO,-7.41,water
OO,-6.69,water
P,2.49,water
Sc1ccccc1,-0.66,water
C[N+](=O)[O-],-2.31,xylene
C1CCNCC1,-3.26,xylene
c1ccncc1,-3.23,xylene
C1COCCO1,-2.97,xylene
CC(=O)C(C)(C)C,-3.02,xylene
CC(=O)O,-2.19,xylene
CC(C)=O,-1.37,xylene
Cc1ccc(N)cc1,-5.28,xylene
Cc1ccc(O)cc1,-5.29,xylene
Cc1cccc(O)c1,-4.43,xylene
Cc1ccccc1,-3.17,xylene
Cc1ccccc1O,-5.36,xylene
CCC(=O)O,-2.83,xylene
CCC(C)=O,-2.34,xylene
CCCC(C)=O,-2.98,xylene
CCCCC(C)=O,-3.6,xylene
CCCCCC(=O)[O-],-3.51,xylene
CCCCCC(=O)OC,-4.37,xylene
CCCCCC(C)=O,-4.26,xylene
CCCCCCCC,-3.4,xylene
CCCCCCCO,-4.85,xylene
CCCCCCO,-3.96,xylene
CCCCCN,-2.81,xylene
CCCCCO,-2.83,xylene
CCCCO,-2.28,xylene
CCCN,-1.8,xylene
CCCNCCC,-3.46,xylene
CCCO,-1.68,xylene
CCCOC(C)=O,-2.98,xylene
CCN,-1.12,xylene
CCNCC,-2.04,xylene
CCO,-1.53,xylene
CCOC(C)=O,-2.37,xylene
CN,-1.31,xylene
CN(C)C,-0.74,xylene
CNC,-1.47,xylene
CO,0.16,xylene
Nc1ccccc1,-4.21,xylene
O,0.33,xylene
Oc1ccc(Br)cc1,-6.8,xylene
Oc1ccccc1,-4.94,xylene
